'sample interval','MLII','V5'
'0.00277778 sec','mV','mV'
0,-0.145,-0.065
1,-0.145,-0.065
2,-0.145,-0.065
3,-0.145,-0.065
4,-0.145,-0.065
5,-0.145,-0.065
6,-0.145,-0.065
7,-0.145,-0.065
8,-0.120,-0.080
9,-0.135,-0.080
10,-0.145,-0.085
11,-0.150,-0.085
12,-0.160,-0.075
13,-0.155,-0.070
14,-0.160,-0.070
15,-0.175,-0.065
16,-0.180,-0.055
17,-0.185,-0.050
18,-0.170,-0.050
19,-0.155,-0.040
20,-0.175,-0.040
21,-0.180,-0.055
22,-0.190,-0.075
23,-0.180,-0.080
24,-0.155,-0.085
25,-0.135,-0.070
26,-0.155,-0.080
27,-0.190,-0.080
28,-0.205,-0.090
29,-0.235,-0.095
30,-0.225,-0.090
31,-0.245,-0.095
32,-0.250,-0.110
33,-0.260,-0.120
34,-0.275,-0.145
35,-0.275,-0.135
36,-0.275,-0.105
37,-0.265,-0.095
38,-0.255,-0.105
39,-0.265,-0.120
40,-0.275,-0.135
41,-0.290,-0.125
42,-0.290,-0.125
43,-0.290,-0.115
44,-0.290,-0.115
45,-0.285,-0.125
46,-0.295,-0.140
47,-0.305,-0.140
48,-0.285,-0.130
49,-0.275,-0.125
50,-0.275,-0.140
51,-0.280,-0.145
52,-0.285,-0.150
53,-0.305,-0.150
54,-0.290,-0.130
55,-0.300,-0.115
56,-0.280,-0.125
57,-0.290,-0.135
58,-0.300,-0.160
59,-0.315,-0.195
60,-0.320,-0.200
61,-0.335,-0.205
62,-0.360,-0.225
63,-0.385,-0.255
64,-0.385,-0.300
65,-0.405,-0.290
66,-0.455,-0.235
67,-0.485,-0.130
68,-0.485,-0.035
69,-0.425,0.050
70,-0.330,0.120
71,-0.220,0.200
72,-0.070,0.310
73,0.120,0.435
74,0.375,0.535
75,0.620,0.580
76,0.780,0.475
77,0.840,0.210
78,0.765,-0.085
79,0.520,-0.230
80,0.170,-0.250
81,-0.165,-0.215
82,-0.365,-0.180
83,-0.435,-0.185
84,-0.425,-0.160
85,-0.370,-0.150
86,-0.330,-0.150
87,-0.325,-0.180
88,-0.335,-0.180
89,-0.345,-0.160
90,-0.330,-0.165
91,-0.325,-0.170
92,-0.315,-0.165
93,-0.310,-0.185
94,-0.320,-0.185
95,-0.335,-0.185
96,-0.340,-0.170
97,-0.325,-0.160
98,-0.345,-0.155
99,-0.335,-0.175
100,-0.330,-0.195
101,-0.335,-0.185
102,-0.330,-0.185
103,-0.325,-0.175
104,-0.330,-0.175
105,-0.330,-0.195
106,-0.345,-0.190
107,-0.355,-0.180
108,-0.335,-0.165
109,-0.325,-0.170
110,-0.305,-0.170
111,-0.320,-0.170
112,-0.320,-0.190
113,-0.330,-0.185
114,-0.340,-0.180
115,-0.335,-0.170
116,-0.340,-0.175
117,-0.345,-0.190
118,-0.355,-0.200
119,-0.355,-0.195
120,-0.340,-0.185
121,-0.330,-0.170
122,-0.330,-0.170
123,-0.330,-0.185
124,-0.340,-0.195
125,-0.350,-0.175
126,-0.325,-0.200
127,-0.325,-0.185
128,-0.330,-0.180
129,-0.330,-0.185
130,-0.335,-0.205
131,-0.335,-0.190
132,-0.340,-0.180
133,-0.330,-0.185
134,-0.340,-0.200
135,-0.350,-0.215
136,-0.355,-0.205
137,-0.350,-0.210
138,-0.345,-0.200
139,-0.330,-0.185
140,-0.320,-0.205
141,-0.335,-0.200
142,-0.330,-0.210
143,-0.345,-0.205
144,-0.330,-0.185
145,-0.335,-0.185
146,-0.335,-0.200
147,-0.345,-0.215
148,-0.345,-0.225
149,-0.355,-0.220
150,-0.340,-0.200
151,-0.340,-0.200
152,-0.335,-0.215
153,-0.330,-0.225
154,-0.350,-0.235
155,-0.350,-0.245
156,-0.345,-0.240
157,-0.335,-0.240
158,-0.335,-0.240
159,-0.335,-0.245
160,-0.350,-0.260
161,-0.355,-0.260
162,-0.355,-0.265
163,-0.345,-0.265
164,-0.345,-0.280
165,-0.335,-0.285
166,-0.350,-0.295
167,-0.360,-0.295
168,-0.360,-0.300
169,-0.360,-0.290
170,-0.365,-0.300
171,-0.360,-0.315
172,-0.370,-0.315
173,-0.385,-0.315
174,-0.370,-0.315
175,-0.360,-0.310
176,-0.355,-0.310
177,-0.360,-0.325
178,-0.375,-0.330
179,-0.375,-0.325
180,-0.365,-0.315
181,-0.365,-0.305
182,-0.360,-0.305
183,-0.360,-0.290
184,-0.365,-0.290
185,-0.370,-0.275
186,-0.355,-0.270
187,-0.330,-0.245
188,-0.325,-0.240
189,-0.325,-0.250
190,-0.335,-0.250
191,-0.340,-0.235
192,-0.315,-0.220
193,-0.300,-0.195
194,-0.300,-0.190
195,-0.290,-0.190
196,-0.295,-0.190
197,-0.290,-0.180
198,-0.285,-0.160
199,-0.275,-0.145
200,-0.255,-0.150
201,-0.250,-0.160
202,-0.250,-0.160
203,-0.265,-0.155
204,-0.255,-0.145
205,-0.245,-0.140
206,-0.230,-0.160
207,-0.245,-0.150
208,-0.245,-0.175
209,-0.255,-0.170
210,-0.255,-0.160
211,-0.240,-0.160
212,-0.250,-0.150
213,-0.255,-0.155
214,-0.245,-0.160
215,-0.255,-0.170
216,-0.250,-0.155
217,-0.250,-0.155
218,-0.265,-0.150
219,-0.260,-0.165
220,-0.260,-0.175
221,-0.265,-0.165
222,-0.270,-0.165
223,-0.265,-0.160
224,-0.260,-0.160
225,-0.275,-0.180
226,-0.280,-0.175
227,-0.290,-0.185
228,-0.275,-0.165
229,-0.270,-0.150
230,-0.260,-0.150
231,-0.280,-0.170
232,-0.280,-0.185
233,-0.285,-0.195
234,-0.275,-0.190
235,-0.275,-0.190
236,-0.265,-0.185
237,-0.270,-0.190
238,-0.285,-0.210
239,-0.290,-0.195
240,-0.280,-0.190
241,-0.275,-0.180
242,-0.285,-0.205
243,-0.280,-0.215
244,-0.300,-0.225
245,-0.300,-0.210
246,-0.305,-0.205
247,-0.295,-0.195
248,-0.300,-0.200
249,-0.310,-0.195
250,-0.310,-0.210
251,-0.305,-0.215
252,-0.295,-0.205
253,-0.285,-0.185
254,-0.285,-0.195
255,-0.290,-0.195
256,-0.295,-0.220
257,-0.310,-0.220
258,-0.290,-0.210
259,-0.295,-0.215
260,-0.300,-0.220
261,-0.305,-0.220
262,-0.310,-0.225
263,-0.325,-0.210
264,-0.310,-0.200
265,-0.300,-0.210
266,-0.290,-0.225
267,-0.310,-0.230
268,-0.325,-0.225
269,-0.330,-0.220
270,-0.315,-0.230
271,-0.300,-0.210
272,-0.305,-0.215
273,-0.310,-0.215
274,-0.320,-0.230
275,-0.330,-0.215
276,-0.325,-0.220
277,-0.315,-0.205
278,-0.310,-0.205
279,-0.305,-0.210
280,-0.305,-0.215
281,-0.310,-0.225
282,-0.300,-0.215
283,-0.305,-0.215
284,-0.290,-0.215
285,-0.300,-0.225
286,-0.300,-0.225
287,-0.305,-0.225
288,-0.305,-0.205
289,-0.290,-0.195
290,-0.280,-0.210
291,-0.295,-0.210
292,-0.305,-0.215
293,-0.315,-0.235
294,-0.305,-0.230
295,-0.295,-0.220
296,-0.290,-0.220
297,-0.280,-0.230
298,-0.270,-0.225
299,-0.275,-0.230
300,-0.275,-0.215
301,-0.270,-0.195
302,-0.250,-0.195
303,-0.250,-0.190
304,-0.255,-0.200
305,-0.225,-0.195
306,-0.220,-0.180
307,-0.205,-0.170
308,-0.200,-0.180
309,-0.205,-0.175
310,-0.215,-0.195
311,-0.230,-0.195
312,-0.220,-0.170
313,-0.225,-0.175
314,-0.225,-0.175
315,-0.225,-0.180
316,-0.230,-0.185
317,-0.235,-0.185
318,-0.240,-0.175
319,-0.235,-0.175
320,-0.220,-0.175
321,-0.210,-0.190
322,-0.205,-0.205
323,-0.245,-0.200
324,-0.285,-0.205
325,-0.285,-0.205
326,-0.300,-0.215
327,-0.310,-0.215
328,-0.330,-0.225
329,-0.330,-0.215
330,-0.325,-0.210
331,-0.315,-0.200
332,-0.320,-0.215
333,-0.315,-0.225
334,-0.325,-0.245
335,-0.340,-0.245
336,-0.345,-0.250
337,-0.340,-0.225
338,-0.340,-0.230
339,-0.350,-0.235
340,-0.345,-0.240
341,-0.355,-0.235
342,-0.330,-0.235
343,-0.335,-0.220
344,-0.330,-0.230
345,-0.320,-0.240
346,-0.345,-0.240
347,-0.355,-0.245
348,-0.340,-0.225
349,-0.330,-0.225
350,-0.325,-0.235
351,-0.330,-0.250
352,-0.350,-0.270
353,-0.365,-0.280
354,-0.360,-0.290
355,-0.380,-0.300
356,-0.425,-0.330
357,-0.445,-0.360
358,-0.475,-0.355
359,-0.510,-0.305
360,-0.535,-0.205
361,-0.505,-0.080
362,-0.415,0.015
363,-0.300,0.065
364,-0.160,0.115
365,-0.015,0.190
366,0.235,0.300
367,0.490,0.410
368,0.720,0.495
369,0.875,0.485
370,0.940,0.360
371,0.905,0.105
372,0.755,-0.165
373,0.490,-0.350
374,0.165,-0.450
375,-0.110,-0.470
376,-0.270,-0.450
377,-0.390,-0.395
378,-0.450,-0.345
379,-0.475,-0.310
380,-0.455,-0.295
381,-0.425,-0.285
382,-0.390,-0.295
383,-0.390,-0.295
384,-0.385,-0.280
385,-0.390,-0.285
386,-0.380,-0.285
387,-0.380,-0.285
388,-0.380,-0.290
389,-0.395,-0.275
390,-0.385,-0.275
391,-0.385,-0.275
392,-0.385,-0.270
393,-0.375,-0.285
394,-0.395,-0.295
395,-0.410,-0.290
396,-0.410,-0.275
397,-0.400,-0.265
398,-0.395,-0.265
399,-0.390,-0.275
400,-0.405,-0.295
401,-0.395,-0.290
402,-0.385,-0.285
403,-0.375,-0.270
404,-0.390,-0.265
405,-0.390,-0.275
406,-0.405,-0.280
407,-0.410,-0.280
408,-0.410,-0.270
409,-0.390,-0.265
410,-0.390,-0.270
411,-0.395,-0.270
412,-0.405,-0.280
413,-0.415,-0.270
414,-0.400,-0.265
415,-0.410,-0.265
416,-0.405,-0.265
417,-0.410,-0.270
418,-0.415,-0.285
419,-0.410,-0.285
420,-0.400,-0.265
421,-0.400,-0.265
422,-0.395,-0.255
423,-0.390,-0.275
424,-0.405,-0.275
425,-0.410,-0.280
426,-0.390,-0.270
427,-0.390,-0.265
428,-0.385,-0.275
429,-0.385,-0.285
430,-0.410,-0.280
431,-0.405,-0.280
432,-0.395,-0.275
433,-0.390,-0.275
434,-0.375,-0.275
435,-0.390,-0.285
436,-0.395,-0.295
437,-0.410,-0.295
438,-0.400,-0.275
439,-0.390,-0.275
440,-0.390,-0.285
441,-0.385,-0.290
442,-0.405,-0.315
443,-0.415,-0.315
444,-0.415,-0.305
445,-0.400,-0.290
446,-0.395,-0.310
447,-0.405,-0.320
448,-0.415,-0.320
449,-0.420,-0.335
450,-0.420,-0.330
451,-0.410,-0.325
452,-0.415,-0.345
453,-0.425,-0.350
454,-0.420,-0.365
455,-0.435,-0.370
456,-0.430,-0.355
457,-0.430,-0.360
458,-0.420,-0.370
459,-0.430,-0.390
460,-0.450,-0.395
461,-0.455,-0.400
462,-0.450,-0.390
463,-0.435,-0.385
464,-0.445,-0.390
465,-0.450,-0.400
466,-0.455,-0.410
467,-0.470,-0.420
468,-0.460,-0.405
469,-0.455,-0.410
470,-0.450,-0.410
471,-0.455,-0.400
472,-0.470,-0.405
473,-0.475,-0.390
474,-0.460,-0.385
475,-0.450,-0.365
476,-0.445,-0.355
477,-0.440,-0.345
478,-0.435,-0.355
479,-0.440,-0.330
480,-0.410,-0.295
481,-0.395,-0.275
482,-0.370,-0.270
483,-0.365,-0.260
484,-0.360,-0.265
485,-0.365,-0.265
486,-0.340,-0.245
487,-0.325,-0.225
488,-0.315,-0.210
489,-0.320,-0.215
490,-0.330,-0.215
491,-0.330,-0.205
492,-0.320,-0.195
493,-0.310,-0.185
494,-0.300,-0.185
495,-0.300,-0.195
496,-0.320,-0.195
497,-0.320,-0.195
498,-0.315,-0.185
499,-0.305,-0.170
500,-0.305,-0.185
501,-0.295,-0.195
502,-0.320,-0.195
503,-0.330,-0.195
504,-0.305,-0.185
505,-0.310,-0.175
506,-0.300,-0.175
507,-0.300,-0.185
508,-0.320,-0.195
509,-0.325,-0.195
510,-0.310,-0.195
511,-0.305,-0.180
512,-0.315,-0.185
513,-0.305,-0.190
514,-0.315,-0.195
515,-0.315,-0.195
516,-0.310,-0.190
517,-0.295,-0.185
518,-0.290,-0.185
519,-0.305,-0.190
520,-0.310,-0.200
521,-0.320,-0.215
522,-0.315,-0.195
523,-0.300,-0.185
524,-0.315,-0.185
525,-0.315,-0.185
526,-0.315,-0.200
527,-0.330,-0.205
528,-0.315,-0.190
529,-0.320,-0.190
530,-0.315,-0.200
531,-0.325,-0.200
532,-0.335,-0.195
533,-0.340,-0.220
534,-0.335,-0.205
535,-0.335,-0.190
536,-0.330,-0.200
537,-0.325,-0.220
538,-0.345,-0.230
539,-0.350,-0.210
540,-0.345,-0.205
541,-0.335,-0.200
542,-0.330,-0.195
543,-0.330,-0.220
544,-0.345,-0.225
545,-0.345,-0.225
546,-0.345,-0.215
547,-0.320,-0.205
548,-0.330,-0.205
549,-0.335,-0.215
550,-0.340,-0.225
551,-0.355,-0.220
552,-0.335,-0.225
553,-0.330,-0.195
554,-0.330,-0.215
555,-0.335,-0.220
556,-0.355,-0.215
557,-0.360,-0.225
558,-0.355,-0.215
559,-0.350,-0.210
560,-0.340,-0.210
561,-0.345,-0.225
562,-0.345,-0.230
563,-0.345,-0.220
564,-0.345,-0.210
565,-0.330,-0.205
566,-0.330,-0.200
567,-0.335,-0.205
568,-0.345,-0.220
569,-0.350,-0.230
570,-0.350,-0.215
571,-0.340,-0.205
572,-0.330,-0.200
573,-0.345,-0.230
574,-0.345,-0.220
575,-0.355,-0.215
576,-0.350,-0.205
577,-0.340,-0.200
578,-0.330,-0.205
579,-0.340,-0.220
580,-0.340,-0.220
581,-0.340,-0.225
582,-0.330,-0.205
583,-0.335,-0.200
584,-0.330,-0.200
585,-0.335,-0.210
586,-0.345,-0.230
587,-0.345,-0.215
588,-0.340,-0.200
589,-0.330,-0.200
590,-0.315,-0.205
591,-0.295,-0.210
592,-0.300,-0.215
593,-0.295,-0.220
594,-0.285,-0.205
595,-0.275,-0.200
596,-0.265,-0.195
597,-0.265,-0.205
598,-0.265,-0.205
599,-0.255,-0.205
600,-0.250,-0.180
601,-0.240,-0.170
602,-0.225,-0.190
603,-0.215,-0.190
604,-0.240,-0.200
605,-0.245,-0.185
606,-0.240,-0.165
607,-0.245,-0.145
608,-0.235,-0.145
609,-0.245,-0.170
610,-0.250,-0.175
611,-0.275,-0.170
612,-0.275,-0.165
613,-0.265,-0.150
614,-0.250,-0.160
615,-0.225,-0.175
616,-0.220,-0.190
617,-0.230,-0.190
618,-0.265,-0.185
619,-0.270,-0.185
620,-0.280,-0.175
621,-0.285,-0.195
622,-0.305,-0.215
623,-0.320,-0.205
624,-0.340,-0.200
625,-0.330,-0.195
626,-0.335,-0.205
627,-0.335,-0.210
628,-0.355,-0.220
629,-0.370,-0.215
630,-0.360,-0.210
631,-0.345,-0.205
632,-0.350,-0.200
633,-0.355,-0.210
634,-0.365,-0.220
635,-0.375,-0.220
636,-0.380,-0.220
637,-0.370,-0.200
638,-0.365,-0.205
639,-0.365,-0.215
640,-0.380,-0.225
641,-0.385,-0.220
642,-0.380,-0.215
643,-0.375,-0.205
644,-0.355,-0.220
645,-0.370,-0.225
646,-0.390,-0.240
647,-0.405,-0.260
648,-0.410,-0.280
649,-0.435,-0.300
650,-0.465,-0.345
651,-0.490,-0.375
652,-0.520,-0.345
653,-0.555,-0.260
654,-0.570,-0.125
655,-0.525,0.025
656,-0.405,0.145
657,-0.250,0.260
658,-0.090,0.375
659,0.120,0.505
660,0.410,0.635
661,0.690,0.705
662,0.885,0.610
663,0.960,0.320
664,0.850,-0.045
665,0.520,-0.250
666,0.050,-0.270
667,-0.320,-0.240
668,-0.500,-0.240
669,-0.505,-0.250
670,-0.445,-0.255
671,-0.415,-0.245
672,-0.395,-0.245
673,-0.390,-0.245
674,-0.395,-0.255
675,-0.390,-0.260
676,-0.395,-0.260
677,-0.405,-0.270
678,-0.395,-0.245
679,-0.405,-0.245
680,-0.390,-0.250
681,-0.395,-0.265
682,-0.395,-0.270
683,-0.410,-0.270
684,-0.405,-0.265
685,-0.400,-0.260
686,-0.400,-0.260
687,-0.415,-0.270
688,-0.405,-0.280
689,-0.420,-0.280
690,-0.415,-0.270
691,-0.405,-0.255
692,-0.405,-0.265
693,-0.420,-0.280
694,-0.420,-0.290
695,-0.435,-0.275
696,-0.420,-0.265
697,-0.410,-0.255
698,-0.410,-0.260
699,-0.405,-0.260
700,-0.425,-0.280
701,-0.430,-0.280
702,-0.420,-0.265
703,-0.415,-0.260
704,-0.410,-0.255
705,-0.410,-0.260
706,-0.425,-0.275
707,-0.420,-0.270
708,-0.400,-0.275
709,-0.395,-0.265
710,-0.400,-0.265
711,-0.400,-0.270
712,-0.395,-0.280
713,-0.415,-0.285
714,-0.405,-0.280
715,-0.390,-0.255
716,-0.400,-0.270
717,-0.400,-0.280
718,-0.415,-0.290
719,-0.425,-0.290
720,-0.425,-0.270
721,-0.415,-0.270
722,-0.415,-0.285
723,-0.410,-0.300
724,-0.425,-0.300
725,-0.425,-0.300
726,-0.420,-0.295
727,-0.415,-0.275
728,-0.400,-0.295
729,-0.400,-0.300
730,-0.410,-0.310
731,-0.425,-0.310
732,-0.410,-0.315
733,-0.405,-0.310
734,-0.395,-0.310
735,-0.400,-0.335
736,-0.400,-0.345
737,-0.405,-0.355
738,-0.385,-0.350
739,-0.400,-0.345
740,-0.390,-0.360
741,-0.390,-0.370
742,-0.400,-0.375
743,-0.415,-0.385
744,-0.405,-0.370
745,-0.405,-0.370
746,-0.410,-0.385
747,-0.415,-0.400
748,-0.420,-0.415
749,-0.420,-0.405
750,-0.425,-0.410
751,-0.415,-0.390
752,-0.415,-0.405
753,-0.410,-0.410
754,-0.435,-0.425
755,-0.430,-0.420
756,-0.435,-0.410
757,-0.420,-0.405
758,-0.420,-0.400
759,-0.420,-0.400
760,-0.420,-0.405
761,-0.425,-0.385
762,-0.425,-0.365
763,-0.415,-0.345
764,-0.395,-0.335
765,-0.395,-0.325
766,-0.390,-0.310
767,-0.375,-0.295
768,-0.360,-0.275
769,-0.340,-0.255
770,-0.335,-0.250
771,-0.330,-0.240
772,-0.335,-0.245
773,-0.335,-0.230
774,-0.325,-0.205
775,-0.320,-0.200
776,-0.305,-0.200
777,-0.305,-0.205
778,-0.315,-0.210
779,-0.310,-0.220
780,-0.305,-0.195
781,-0.300,-0.190
782,-0.300,-0.200
783,-0.300,-0.200
784,-0.310,-0.210
785,-0.310,-0.200
786,-0.310,-0.190
787,-0.315,-0.175
788,-0.300,-0.200
789,-0.305,-0.205
790,-0.315,-0.210
791,-0.320,-0.200
792,-0.325,-0.200
793,-0.310,-0.180
794,-0.305,-0.190
795,-0.305,-0.190
796,-0.320,-0.205
797,-0.325,-0.205
798,-0.305,-0.195
799,-0.310,-0.185
800,-0.295,-0.190
801,-0.310,-0.190
802,-0.325,-0.210
803,-0.330,-0.210
804,-0.320,-0.205
805,-0.320,-0.205
806,-0.320,-0.200
807,-0.325,-0.215
808,-0.350,-0.225
809,-0.350,-0.210
810,-0.340,-0.210
811,-0.335,-0.210
812,-0.330,-0.215
813,-0.335,-0.225
814,-0.340,-0.225
815,-0.360,-0.230
816,-0.350,-0.210
817,-0.350,-0.210
818,-0.355,-0.230
819,-0.360,-0.250
820,-0.355,-0.250
821,-0.365,-0.245
822,-0.355,-0.230
823,-0.350,-0.215
824,-0.340,-0.230
825,-0.355,-0.240
826,-0.350,-0.245
827,-0.365,-0.245
828,-0.365,-0.240
829,-0.350,-0.215
830,-0.355,-0.225
831,-0.350,-0.240
832,-0.370,-0.240
833,-0.380,-0.245
834,-0.370,-0.240
835,-0.360,-0.230
836,-0.365,-0.235
837,-0.360,-0.240
838,-0.365,-0.230
839,-0.380,-0.250
840,-0.370,-0.225
841,-0.365,-0.215
842,-0.350,-0.230
843,-0.350,-0.240
844,-0.350,-0.250
845,-0.370,-0.265
846,-0.365,-0.230
847,-0.345,-0.220
848,-0.345,-0.235
849,-0.340,-0.225
850,-0.355,-0.235
851,-0.365,-0.235
852,-0.360,-0.225
853,-0.355,-0.225
854,-0.355,-0.215
855,-0.355,-0.225
856,-0.375,-0.235
857,-0.385,-0.230
858,-0.355,-0.225
859,-0.360,-0.225
860,-0.355,-0.225
861,-0.360,-0.225
862,-0.360,-0.230
863,-0.370,-0.230
864,-0.360,-0.215
865,-0.345,-0.210
866,-0.355,-0.225
867,-0.345,-0.240
868,-0.345,-0.235
869,-0.345,-0.240
870,-0.340,-0.225
871,-0.310,-0.215
872,-0.305,-0.220
873,-0.305,-0.220
874,-0.310,-0.230
875,-0.305,-0.230
876,-0.290,-0.205
877,-0.285,-0.200
878,-0.275,-0.205
879,-0.280,-0.195
880,-0.280,-0.210
881,-0.275,-0.205
882,-0.265,-0.190
883,-0.255,-0.185
884,-0.245,-0.200
885,-0.260,-0.195
886,-0.265,-0.200
887,-0.275,-0.190
888,-0.280,-0.170
889,-0.265,-0.140
890,-0.270,-0.165
891,-0.275,-0.165
892,-0.280,-0.185
893,-0.275,-0.180
894,-0.280,-0.170
895,-0.275,-0.150
896,-0.265,-0.165
897,-0.255,-0.180
898,-0.240,-0.200
899,-0.260,-0.210
900,-0.280,-0.210
901,-0.310,-0.185
902,-0.310,-0.190
903,-0.345,-0.200
904,-0.360,-0.215
905,-0.380,-0.220
906,-0.385,-0.210
907,-0.380,-0.195
908,-0.370,-0.205
909,-0.375,-0.220
910,-0.385,-0.225
911,-0.390,-0.230
912,-0.395,-0.220
913,-0.385,-0.210
914,-0.385,-0.210
915,-0.385,-0.230
916,-0.395,-0.235
917,-0.405,-0.230
918,-0.400,-0.225
919,-0.375,-0.215
920,-0.375,-0.220
921,-0.390,-0.220
922,-0.395,-0.230
923,-0.415,-0.240
924,-0.405,-0.220
925,-0.400,-0.225
926,-0.390,-0.235
927,-0.405,-0.250
928,-0.425,-0.280
929,-0.460,-0.305
930,-0.475,-0.325
931,-0.505,-0.345
932,-0.510,-0.375
933,-0.525,-0.415
934,-0.540,-0.425
935,-0.600,-0.385
936,-0.645,-0.295
937,-0.630,-0.180
938,-0.575,-0.065
939,-0.495,0.035
940,-0.385,0.130
941,-0.270,0.240
942,-0.115,0.370
943,0.090,0.495
944,0.370,0.610
945,0.635,0.655
946,0.810,0.545
947,0.860,0.230
948,0.770,-0.105
949,0.475,-0.280
950,0.065,-0.285
951,-0.305,-0.255
952,-0.500,-0.255
953,-0.520,-0.260
954,-0.475,-0.230
955,-0.410,-0.220
956,-0.390,-0.245
957,-0.390,-0.255
958,-0.400,-0.260
959,-0.410,-0.250
960,-0.405,-0.235
961,-0.385,-0.245
962,-0.390,-0.245
963,-0.395,-0.260
964,-0.405,-0.265
965,-0.410,-0.265
966,-0.405,-0.260
967,-0.400,-0.240
968,-0.390,-0.245
969,-0.395,-0.260
970,-0.410,-0.270
971,-0.415,-0.270
972,-0.410,-0.255
973,-0.395,-0.255
974,-0.405,-0.250
975,-0.410,-0.265
976,-0.405,-0.270
977,-0.405,-0.270
978,-0.410,-0.265
979,-0.390,-0.250
980,-0.385,-0.245
981,-0.390,-0.265
982,-0.395,-0.270
983,-0.400,-0.260
984,-0.400,-0.255
985,-0.400,-0.245
986,-0.395,-0.250
987,-0.395,-0.260
988,-0.405,-0.270
989,-0.405,-0.260
990,-0.400,-0.255
991,-0.395,-0.250
992,-0.385,-0.255
993,-0.375,-0.255
994,-0.385,-0.275
995,-0.395,-0.270
996,-0.390,-0.265
997,-0.385,-0.260
998,-0.375,-0.260
999,-0.385,-0.275
1000,-0.395,-0.270
1001,-0.395,-0.260
1002,-0.385,-0.245
1003,-0.375,-0.255
1004,-0.375,-0.265
1005,-0.385,-0.265
1006,-0.395,-0.270
1007,-0.390,-0.265
1008,-0.390,-0.260
1009,-0.365,-0.270
1010,-0.375,-0.265
1011,-0.385,-0.270
1012,-0.395,-0.280
1013,-0.380,-0.285
1014,-0.385,-0.280
1015,-0.375,-0.285
1016,-0.380,-0.290
1017,-0.390,-0.310
1018,-0.380,-0.305
1019,-0.375,-0.300
1020,-0.375,-0.300
1021,-0.375,-0.310
1022,-0.375,-0.325
1023,-0.380,-0.340
1024,-0.390,-0.340
1025,-0.390,-0.325
1026,-0.365,-0.320
1027,-0.370,-0.355
1028,-0.375,-0.360
1029,-0.385,-0.380
1030,-0.390,-0.385
1031,-0.390,-0.375
1032,-0.375,-0.365
1033,-0.365,-0.375
1034,-0.385,-0.385
1035,-0.380,-0.390
1036,-0.390,-0.395
1037,-0.375,-0.385
1038,-0.375,-0.375
1039,-0.365,-0.375
1040,-0.370,-0.375
1041,-0.385,-0.380
1042,-0.395,-0.365
1043,-0.385,-0.345
1044,-0.385,-0.335
1045,-0.370,-0.315
1046,-0.365,-0.310
1047,-0.370,-0.305
1048,-0.375,-0.290
1049,-0.350,-0.270
1050,-0.335,-0.255
1051,-0.320,-0.250
1052,-0.315,-0.245
1053,-0.320,-0.235
1054,-0.325,-0.235
1055,-0.315,-0.225
1056,-0.295,-0.220
1057,-0.285,-0.195
1058,-0.300,-0.215
1059,-0.295,-0.230
1060,-0.285,-0.215
1061,-0.285,-0.205
1062,-0.280,-0.195
1063,-0.270,-0.200
1064,-0.280,-0.195
1065,-0.290,-0.195
1066,-0.295,-0.205
1067,-0.295,-0.195
1068,-0.290,-0.180
1069,-0.280,-0.190
1070,-0.290,-0.205
1071,-0.295,-0.210
1072,-0.310,-0.205
1073,-0.295,-0.180
1074,-0.285,-0.185
1075,-0.280,-0.190
1076,-0.275,-0.205
1077,-0.295,-0.215
1078,-0.305,-0.215
1079,-0.300,-0.215
1080,-0.295,-0.190
1081,-0.295,-0.210
1082,-0.285,-0.200
1083,-0.300,-0.215
1084,-0.305,-0.220
1085,-0.300,-0.225
1086,-0.295,-0.215
1087,-0.300,-0.215
1088,-0.305,-0.230
1089,-0.315,-0.225
1090,-0.310,-0.225
1091,-0.315,-0.210
1092,-0.295,-0.210
1093,-0.300,-0.215
1094,-0.310,-0.230
1095,-0.330,-0.235
1096,-0.340,-0.230
1097,-0.330,-0.220
1098,-0.320,-0.215
1099,-0.320,-0.230
1100,-0.315,-0.235
1101,-0.325,-0.250
1102,-0.335,-0.245
1103,-0.330,-0.240
1104,-0.315,-0.220
1105,-0.320,-0.230
1106,-0.320,-0.230
1107,-0.330,-0.235
1108,-0.345,-0.240
1109,-0.340,-0.235
1110,-0.335,-0.220
1111,-0.330,-0.230
1112,-0.335,-0.240
1113,-0.345,-0.255
1114,-0.350,-0.245
1115,-0.345,-0.235
1116,-0.340,-0.220
1117,-0.335,-0.230
1118,-0.335,-0.240
1119,-0.330,-0.250
1120,-0.335,-0.255
1121,-0.340,-0.240
1122,-0.335,-0.225
1123,-0.320,-0.230
1124,-0.340,-0.235
1125,-0.340,-0.240
1126,-0.350,-0.245
1127,-0.365,-0.235
1128,-0.360,-0.230
1129,-0.345,-0.235
1130,-0.345,-0.240
1131,-0.350,-0.245
1132,-0.350,-0.235
1133,-0.350,-0.235
1134,-0.340,-0.230
1135,-0.340,-0.240
1136,-0.345,-0.235
1137,-0.345,-0.245
1138,-0.380,-0.250
1139,-0.360,-0.230
1140,-0.360,-0.210
1141,-0.345,-0.230
1142,-0.345,-0.235
1143,-0.350,-0.245
1144,-0.355,-0.250
1145,-0.345,-0.245
1146,-0.330,-0.230
1147,-0.330,-0.230
1148,-0.335,-0.235
1149,-0.335,-0.250
1150,-0.340,-0.250
1151,-0.330,-0.240
1152,-0.320,-0.225
1153,-0.290,-0.230
1154,-0.290,-0.235
1155,-0.300,-0.240
1156,-0.305,-0.245
1157,-0.285,-0.240
1158,-0.280,-0.225
1159,-0.275,-0.225
1160,-0.280,-0.230
1161,-0.275,-0.230
1162,-0.270,-0.225
1163,-0.265,-0.205
1164,-0.250,-0.210
1165,-0.230,-0.220
1166,-0.245,-0.205
1167,-0.240,-0.220
1168,-0.255,-0.220
1169,-0.255,-0.210
1170,-0.245,-0.190
1171,-0.235,-0.180
1172,-0.255,-0.180
1173,-0.265,-0.185
1174,-0.260,-0.190
1175,-0.255,-0.190
1176,-0.270,-0.185
1177,-0.265,-0.205
1178,-0.280,-0.200
1179,-0.255,-0.220
1180,-0.250,-0.220
1181,-0.245,-0.220
1182,-0.265,-0.210
1183,-0.280,-0.225
1184,-0.300,-0.220
1185,-0.315,-0.240
1186,-0.325,-0.245
1187,-0.335,-0.235
1188,-0.345,-0.230
1189,-0.330,-0.245
1190,-0.335,-0.245
1191,-0.345,-0.250
1192,-0.360,-0.255
1193,-0.350,-0.230
1194,-0.340,-0.225
1195,-0.335,-0.230
1196,-0.345,-0.245
1197,-0.360,-0.255
1198,-0.365,-0.265
1199,-0.375,-0.255
1200,-0.370,-0.245
1201,-0.365,-0.260
1202,-0.365,-0.250
1203,-0.380,-0.260
1204,-0.375,-0.270
1205,-0.375,-0.240
1206,-0.365,-0.245
1207,-0.370,-0.250
1208,-0.360,-0.250
1209,-0.370,-0.250
1210,-0.380,-0.265
1211,-0.365,-0.255
1212,-0.360,-0.245
1213,-0.350,-0.255
1214,-0.355,-0.265
1215,-0.370,-0.280
1216,-0.385,-0.305
1217,-0.395,-0.320
1218,-0.430,-0.350
1219,-0.445,-0.380
1220,-0.485,-0.390
1221,-0.515,-0.345
1222,-0.565,-0.240
1223,-0.555,-0.110
1224,-0.475,-0.020
1225,-0.355,0.040
1226,-0.220,0.110
1227,-0.055,0.220
1228,0.185,0.350
1229,0.475,0.440
1230,0.705,0.395
1231,0.820,0.155
1232,0.780,-0.170
1233,0.535,-0.380
1234,0.145,-0.410
1235,-0.200,-0.355
1236,-0.420,-0.320
1237,-0.500,-0.305
1238,-0.480,-0.300
1239,-0.450,-0.295
1240,-0.410,-0.295
1241,-0.400,-0.285
1242,-0.390,-0.300
1243,-0.390,-0.310
1244,-0.400,-0.305
1245,-0.405,-0.305
1246,-0.425,-0.295
1247,-0.425,-0.270
1248,-0.405,-0.270
1249,-0.395,-0.285
1250,-0.405,-0.305
1251,-0.405,-0.310
1252,-0.415,-0.300
1253,-0.405,-0.290
1254,-0.385,-0.275
1255,-0.390,-0.285
1256,-0.395,-0.285
1257,-0.395,-0.305
1258,-0.395,-0.290
1259,-0.395,-0.290
1260,-0.385,-0.285
1261,-0.390,-0.285
1262,-0.390,-0.290
1263,-0.400,-0.300
1264,-0.425,-0.295
1265,-0.410,-0.285
1266,-0.400,-0.275
1267,-0.395,-0.290
1268,-0.400,-0.295
1269,-0.405,-0.275
1270,-0.425,-0.285
1271,-0.415,-0.285
1272,-0.405,-0.260
1273,-0.405,-0.270
1274,-0.405,-0.265
1275,-0.410,-0.285
1276,-0.415,-0.290
1277,-0.405,-0.295
1278,-0.420,-0.280
1279,-0.405,-0.290
1280,-0.410,-0.295
1281,-0.410,-0.300
1282,-0.420,-0.310
1283,-0.415,-0.305
1284,-0.405,-0.295
1285,-0.395,-0.300
1286,-0.395,-0.280
1287,-0.395,-0.290
1288,-0.400,-0.305
1289,-0.395,-0.290
1290,-0.395,-0.285
1291,-0.405,-0.305
1292,-0.405,-0.310
1293,-0.420,-0.315
1294,-0.435,-0.305
1295,-0.415,-0.295
1296,-0.405,-0.290
1297,-0.395,-0.295
1298,-0.390,-0.300
1299,-0.415,-0.305
1300,-0.405,-0.325
1301,-0.405,-0.310
1302,-0.400,-0.300
1303,-0.395,-0.310
1304,-0.395,-0.335
1305,-0.405,-0.340
1306,-0.420,-0.350
1307,-0.415,-0.355
1308,-0.400,-0.340
1309,-0.395,-0.350
1310,-0.400,-0.365
1311,-0.405,-0.380
1312,-0.425,-0.400
1313,-0.425,-0.385
1314,-0.425,-0.380
1315,-0.420,-0.390
1316,-0.425,-0.400
1317,-0.450,-0.405
1318,-0.445,-0.405
1319,-0.450,-0.405
1320,-0.435,-0.415
1321,-0.445,-0.415
1322,-0.470,-0.420
1323,-0.455,-0.415
1324,-0.460,-0.425
1325,-0.440,-0.410
1326,-0.435,-0.395
1327,-0.425,-0.385
1328,-0.430,-0.405
1329,-0.445,-0.395
1330,-0.450,-0.395
1331,-0.445,-0.375
1332,-0.430,-0.370
1333,-0.420,-0.375
1334,-0.410,-0.375
1335,-0.425,-0.370
1336,-0.420,-0.360
1337,-0.405,-0.345
1338,-0.380,-0.320
1339,-0.370,-0.305
1340,-0.365,-0.305
1341,-0.365,-0.300
1342,-0.365,-0.285
1343,-0.345,-0.275
1344,-0.330,-0.260
1345,-0.315,-0.245
1346,-0.305,-0.245
1347,-0.305,-0.250
1348,-0.320,-0.255
1349,-0.310,-0.245
1350,-0.310,-0.230
1351,-0.305,-0.235
1352,-0.310,-0.245
1353,-0.315,-0.255
1354,-0.320,-0.255
1355,-0.315,-0.225
1356,-0.305,-0.230
1357,-0.305,-0.235
1358,-0.295,-0.240
1359,-0.310,-0.250
1360,-0.320,-0.245
1361,-0.310,-0.225
1362,-0.315,-0.215
1363,-0.295,-0.220
1364,-0.300,-0.240
1365,-0.305,-0.250
1366,-0.300,-0.255
1367,-0.285,-0.245
1368,-0.280,-0.240
1369,-0.290,-0.235
1370,-0.295,-0.245
1371,-0.305,-0.255
1372,-0.325,-0.250
1373,-0.305,-0.235
1374,-0.300,-0.230
1375,-0.300,-0.250
1376,-0.315,-0.260
1377,-0.325,-0.275
1378,-0.335,-0.280
1379,-0.325,-0.275
1380,-0.315,-0.260
1381,-0.320,-0.270
1382,-0.335,-0.255
1383,-0.330,-0.265
1384,-0.340,-0.255
1385,-0.325,-0.265
1386,-0.325,-0.260
1387,-0.320,-0.265
1388,-0.315,-0.265
1389,-0.335,-0.275
1390,-0.335,-0.270
1391,-0.345,-0.265
1392,-0.335,-0.255
1393,-0.325,-0.255
1394,-0.330,-0.265
1395,-0.315,-0.275
1396,-0.335,-0.290
1397,-0.330,-0.275
1398,-0.330,-0.260
1399,-0.330,-0.270
1400,-0.330,-0.265
1401,-0.335,-0.270
1402,-0.340,-0.265
1403,-0.330,-0.265
1404,-0.320,-0.250
1405,-0.315,-0.265
1406,-0.325,-0.265
1407,-0.335,-0.270
1408,-0.355,-0.270
1409,-0.345,-0.265
1410,-0.340,-0.255
1411,-0.335,-0.260
1412,-0.320,-0.255
1413,-0.325,-0.270
1414,-0.350,-0.270
1415,-0.330,-0.285
1416,-0.315,-0.265
1417,-0.315,-0.260
1418,-0.330,-0.265
1419,-0.330,-0.270
1420,-0.335,-0.265
1421,-0.335,-0.260
1422,-0.330,-0.250
1423,-0.330,-0.265
1424,-0.330,-0.265
1425,-0.340,-0.270
1426,-0.340,-0.265
1427,-0.340,-0.255
1428,-0.325,-0.245
1429,-0.325,-0.255
1430,-0.325,-0.275
1431,-0.345,-0.275
1432,-0.350,-0.275
1433,-0.340,-0.255
1434,-0.330,-0.255
1435,-0.320,-0.260
1436,-0.310,-0.265
1437,-0.305,-0.285
1438,-0.305,-0.280
1439,-0.275,-0.265
1440,-0.270,-0.260
1441,-0.255,-0.255
1442,-0.260,-0.250
1443,-0.265,-0.255
1444,-0.260,-0.250
1445,-0.250,-0.240
1446,-0.235,-0.230
1447,-0.235,-0.235
1448,-0.220,-0.225
1449,-0.235,-0.235
1450,-0.235,-0.240
1451,-0.220,-0.225
1452,-0.230,-0.215
1453,-0.225,-0.235
1454,-0.235,-0.230
1455,-0.245,-0.225
1456,-0.255,-0.215
1457,-0.240,-0.205
1458,-0.230,-0.200
1459,-0.230,-0.210
1460,-0.250,-0.225
1461,-0.255,-0.230
1462,-0.250,-0.225
1463,-0.230,-0.215
1464,-0.205,-0.210
1465,-0.195,-0.235
1466,-0.210,-0.240
1467,-0.230,-0.255
1468,-0.270,-0.245
1469,-0.270,-0.235
1470,-0.285,-0.230
1471,-0.285,-0.235
1472,-0.310,-0.245
1473,-0.330,-0.270
1474,-0.340,-0.260
1475,-0.340,-0.250
1476,-0.345,-0.240
1477,-0.350,-0.240
1478,-0.350,-0.255
1479,-0.340,-0.260
1480,-0.355,-0.265
1481,-0.345,-0.255
1482,-0.340,-0.245
1483,-0.340,-0.245
1484,-0.345,-0.260
1485,-0.355,-0.255
1486,-0.370,-0.260
1487,-0.355,-0.255
1488,-0.370,-0.240
1489,-0.345,-0.240
1490,-0.340,-0.260
1491,-0.360,-0.260
1492,-0.380,-0.250
1493,-0.360,-0.240
1494,-0.345,-0.235
1495,-0.350,-0.240
1496,-0.350,-0.255
1497,-0.355,-0.270
1498,-0.380,-0.285
1499,-0.390,-0.290
1500,-0.395,-0.310
1501,-0.425,-0.330
1502,-0.455,-0.365
1503,-0.475,-0.370
1504,-0.510,-0.350
1505,-0.545,-0.260
1506,-0.540,-0.135
1507,-0.495,-0.020
1508,-0.405,0.035
1509,-0.295,0.095
1510,-0.160,0.185
1511,0.040,0.315
1512,0.315,0.450
1513,0.595,0.515
1514,0.800,0.450
1515,0.885,0.175
1516,0.795,-0.180
1517,0.520,-0.385
1518,0.130,-0.395
1519,-0.215,-0.345
1520,-0.425,-0.310
1521,-0.500,-0.290
1522,-0.490,-0.275
1523,-0.450,-0.265
1524,-0.400,-0.235
1525,-0.390,-0.250
1526,-0.395,-0.265
1527,-0.395,-0.255
1528,-0.400,-0.245
1529,-0.390,-0.240
1530,-0.380,-0.240
1531,-0.385,-0.250
1532,-0.385,-0.260
1533,-0.400,-0.265
1534,-0.410,-0.275
1535,-0.410,-0.255
1536,-0.390,-0.240
1537,-0.390,-0.245
1538,-0.405,-0.260
1539,-0.405,-0.260
1540,-0.415,-0.265
1541,-0.410,-0.250
1542,-0.395,-0.250
1543,-0.395,-0.245
1544,-0.400,-0.250
1545,-0.415,-0.265
1546,-0.415,-0.255
1547,-0.415,-0.250
1548,-0.400,-0.245
1549,-0.390,-0.245
1550,-0.390,-0.255
1551,-0.410,-0.260
1552,-0.415,-0.250
1553,-0.405,-0.240
1554,-0.395,-0.215
1555,-0.395,-0.230
1556,-0.395,-0.250
1557,-0.405,-0.250
1558,-0.410,-0.255
1559,-0.410,-0.240
1560,-0.400,-0.220
1561,-0.390,-0.235
1562,-0.395,-0.235
1563,-0.410,-0.240
1564,-0.425,-0.255
1565,-0.415,-0.245
1566,-0.405,-0.225
1567,-0.410,-0.230
1568,-0.405,-0.235
1569,-0.415,-0.240
1570,-0.425,-0.240
1571,-0.425,-0.240
1572,-0.410,-0.230
1573,-0.395,-0.245
1574,-0.390,-0.255
1575,-0.400,-0.250
1576,-0.410,-0.250
1577,-0.410,-0.235
1578,-0.400,-0.240
1579,-0.390,-0.235
1580,-0.410,-0.255
1581,-0.420,-0.255
1582,-0.420,-0.255
1583,-0.415,-0.250
1584,-0.415,-0.235
1585,-0.405,-0.260
1586,-0.420,-0.255
1587,-0.415,-0.270
1588,-0.425,-0.285
1589,-0.410,-0.285
1590,-0.400,-0.280
1591,-0.405,-0.285
1592,-0.400,-0.285
1593,-0.400,-0.305
1594,-0.410,-0.295
1595,-0.400,-0.285
1596,-0.395,-0.290
1597,-0.395,-0.305
1598,-0.405,-0.320
1599,-0.410,-0.335
1600,-0.425,-0.340
1601,-0.425,-0.315
1602,-0.410,-0.315
1603,-0.410,-0.330
1604,-0.420,-0.345
1605,-0.430,-0.350
1606,-0.445,-0.355
1607,-0.440,-0.365
1608,-0.435,-0.355
1609,-0.430,-0.365
1610,-0.430,-0.370
1611,-0.450,-0.375
1612,-0.445,-0.375
1613,-0.445,-0.370
1614,-0.435,-0.355
1615,-0.435,-0.360
1616,-0.445,-0.340
1617,-0.440,-0.340
1618,-0.450,-0.330
1619,-0.430,-0.315
1620,-0.430,-0.290
1621,-0.415,-0.275
1622,-0.400,-0.265
1623,-0.400,-0.260
1624,-0.385,-0.245
1625,-0.365,-0.225
1626,-0.335,-0.205
1627,-0.330,-0.200
1628,-0.325,-0.190
1629,-0.330,-0.200
1630,-0.330,-0.185
1631,-0.310,-0.175
1632,-0.295,-0.160
1633,-0.285,-0.155
1634,-0.290,-0.165
1635,-0.290,-0.160
1636,-0.310,-0.170
1637,-0.295,-0.150
1638,-0.285,-0.145
1639,-0.280,-0.150
1640,-0.300,-0.145
1641,-0.290,-0.145
1642,-0.295,-0.155
1643,-0.290,-0.150
1644,-0.280,-0.135
1645,-0.275,-0.145
1646,-0.275,-0.145
1647,-0.290,-0.150
1648,-0.290,-0.145
1649,-0.285,-0.140
1650,-0.270,-0.130
1651,-0.270,-0.135
1652,-0.270,-0.140
1653,-0.275,-0.145
1654,-0.290,-0.165
1655,-0.285,-0.155
1656,-0.275,-0.145
1657,-0.275,-0.150
1658,-0.290,-0.160
1659,-0.295,-0.160
1660,-0.305,-0.160
1661,-0.295,-0.145
1662,-0.295,-0.140
1663,-0.285,-0.150
1664,-0.290,-0.165
1665,-0.300,-0.170
1666,-0.305,-0.165
1667,-0.310,-0.165
1668,-0.295,-0.150
1669,-0.300,-0.150
1670,-0.305,-0.165
1671,-0.310,-0.170
1672,-0.325,-0.180
1673,-0.325,-0.165
1674,-0.315,-0.155
1675,-0.310,-0.160
1676,-0.315,-0.165
1677,-0.315,-0.175
1678,-0.325,-0.180
1679,-0.320,-0.165
1680,-0.310,-0.150
1681,-0.320,-0.170
1682,-0.315,-0.170
1683,-0.330,-0.185
1684,-0.330,-0.175
1685,-0.320,-0.175
1686,-0.310,-0.160
1687,-0.310,-0.165
1688,-0.310,-0.170
1689,-0.330,-0.180
1690,-0.335,-0.175
1691,-0.330,-0.170
1692,-0.320,-0.160
1693,-0.325,-0.160
1694,-0.325,-0.170
1695,-0.330,-0.190
1696,-0.335,-0.165
1697,-0.330,-0.160
1698,-0.325,-0.155
1699,-0.325,-0.160
1700,-0.320,-0.155
1701,-0.325,-0.165
1702,-0.330,-0.185
1703,-0.325,-0.175
1704,-0.315,-0.150
1705,-0.305,-0.155
1706,-0.325,-0.165
1707,-0.315,-0.170
1708,-0.335,-0.170
1709,-0.330,-0.165
1710,-0.310,-0.150
1711,-0.320,-0.160
1712,-0.330,-0.170
1713,-0.330,-0.175
1714,-0.335,-0.180
1715,-0.330,-0.155
1716,-0.330,-0.150
1717,-0.320,-0.145
1718,-0.320,-0.160
1719,-0.330,-0.165
1720,-0.330,-0.160
1721,-0.325,-0.160
1722,-0.315,-0.145
1723,-0.315,-0.150
1724,-0.315,-0.150
1725,-0.330,-0.160
1726,-0.330,-0.160
1727,-0.320,-0.150
1728,-0.315,-0.150
1729,-0.305,-0.150
1730,-0.305,-0.155
1731,-0.295,-0.160
1732,-0.315,-0.160
1733,-0.300,-0.150
1734,-0.275,-0.130
1735,-0.255,-0.150
1736,-0.255,-0.155
1737,-0.260,-0.160
1738,-0.265,-0.150
1739,-0.255,-0.125
1740,-0.235,-0.120
1741,-0.230,-0.115
1742,-0.225,-0.125
1743,-0.220,-0.135
1744,-0.220,-0.140
1745,-0.215,-0.130
1746,-0.200,-0.105
1747,-0.205,-0.105
1748,-0.205,-0.100
1749,-0.225,-0.105
1750,-0.235,-0.090
1751,-0.240,-0.080
1752,-0.230,-0.075
1753,-0.215,-0.090
1754,-0.240,-0.090
1755,-0.240,-0.100
1756,-0.250,-0.100
1757,-0.235,-0.095
1758,-0.210,-0.090
1759,-0.200,-0.110
1760,-0.220,-0.125
1761,-0.255,-0.130
1762,-0.275,-0.120
1763,-0.285,-0.120
1764,-0.300,-0.110
1765,-0.305,-0.110
1766,-0.320,-0.120
1767,-0.330,-0.130
1768,-0.325,-0.140
1769,-0.320,-0.145
1770,-0.330,-0.125
1771,-0.330,-0.130
1772,-0.335,-0.150
1773,-0.340,-0.145
1774,-0.345,-0.140
1775,-0.340,-0.140
1776,-0.335,-0.120
1777,-0.320,-0.135
1778,-0.325,-0.145
1779,-0.335,-0.160
1780,-0.345,-0.150
1781,-0.345,-0.135
1782,-0.345,-0.125
1783,-0.335,-0.135
1784,-0.340,-0.145
1785,-0.345,-0.150
1786,-0.355,-0.160
1787,-0.340,-0.145
1788,-0.340,-0.135
1789,-0.340,-0.135
1790,-0.340,-0.125
1791,-0.345,-0.160
1792,-0.355,-0.175
1793,-0.365,-0.195
1794,-0.370,-0.210
1795,-0.405,-0.230
1796,-0.445,-0.270
1797,-0.480,-0.290
1798,-0.495,-0.280
1799,-0.520,-0.195
1800,-0.535,-0.050
1801,-0.505,0.085
1802,-0.415,0.195
1803,-0.280,0.305
1804,-0.135,0.420
1805,0.065,0.565
1806,0.300,0.705
1807,0.580,0.800
1808,0.810,0.795
1809,0.945,0.595
1810,0.920,0.235
1811,0.775,-0.075
1812,0.445,-0.190
1813,0.020,-0.185
1814,-0.295,-0.155
1815,-0.445,-0.170
1816,-0.470,-0.165
1817,-0.425,-0.155
1818,-0.380,-0.145
1819,-0.360,-0.155
1820,-0.360,-0.190
1821,-0.370,-0.200
1822,-0.380,-0.195
1823,-0.380,-0.175
1824,-0.375,-0.175
1825,-0.370,-0.180
1826,-0.365,-0.185
1827,-0.370,-0.200
1828,-0.385,-0.195
1829,-0.385,-0.200
1830,-0.375,-0.195
1831,-0.370,-0.190
1832,-0.370,-0.195
1833,-0.385,-0.200
1834,-0.395,-0.200
1835,-0.385,-0.190
1836,-0.385,-0.180
1837,-0.390,-0.185
1838,-0.385,-0.195
1839,-0.395,-0.210
1840,-0.410,-0.210
1841,-0.400,-0.175
1842,-0.395,-0.190
1843,-0.380,-0.185
1844,-0.395,-0.185
1845,-0.395,-0.195
1846,-0.400,-0.200
1847,-0.400,-0.195
1848,-0.395,-0.180
1849,-0.390,-0.190
1850,-0.390,-0.195
1851,-0.395,-0.190
1852,-0.405,-0.195
1853,-0.390,-0.175
1854,-0.385,-0.175
1855,-0.375,-0.185
1856,-0.375,-0.190
1857,-0.380,-0.195
1858,-0.390,-0.190
1859,-0.385,-0.185
1860,-0.370,-0.170
1861,-0.370,-0.170
1862,-0.370,-0.190
1863,-0.375,-0.200
1864,-0.385,-0.200
1865,-0.370,-0.180
1866,-0.390,-0.175
1867,-0.375,-0.195
1868,-0.370,-0.175
1869,-0.380,-0.190
1870,-0.390,-0.190
1871,-0.390,-0.190
1872,-0.385,-0.180
1873,-0.375,-0.190
1874,-0.375,-0.210
1875,-0.385,-0.205
1876,-0.395,-0.200
1877,-0.390,-0.210
1878,-0.385,-0.195
1879,-0.375,-0.205
1880,-0.380,-0.215
1881,-0.385,-0.230
1882,-0.390,-0.215
1883,-0.380,-0.225
1884,-0.380,-0.205
1885,-0.370,-0.215
1886,-0.370,-0.235
1887,-0.365,-0.245
1888,-0.390,-0.245
1889,-0.365,-0.240
1890,-0.365,-0.245
1891,-0.360,-0.235
1892,-0.375,-0.260
1893,-0.380,-0.265
1894,-0.400,-0.270
1895,-0.390,-0.265
1896,-0.375,-0.265
1897,-0.375,-0.270
1898,-0.370,-0.285
1899,-0.385,-0.300
1900,-0.390,-0.295
1901,-0.390,-0.295
1902,-0.390,-0.295
1903,-0.390,-0.305
1904,-0.375,-0.310
1905,-0.385,-0.320
1906,-0.395,-0.325
1907,-0.380,-0.320
1908,-0.370,-0.310
1909,-0.375,-0.320
1910,-0.375,-0.320
1911,-0.390,-0.325
1912,-0.405,-0.310
1913,-0.375,-0.280
1914,-0.370,-0.280
1915,-0.360,-0.280
1916,-0.375,-0.265
1917,-0.385,-0.265
1918,-0.380,-0.250
1919,-0.370,-0.225
1920,-0.360,-0.200
1921,-0.345,-0.195
1922,-0.345,-0.190
1923,-0.330,-0.180
1924,-0.330,-0.170
1925,-0.315,-0.150
1926,-0.310,-0.135
1927,-0.295,-0.115
1928,-0.285,-0.125
1929,-0.285,-0.130
1930,-0.295,-0.120
1931,-0.280,-0.105
1932,-0.270,-0.100
1933,-0.280,-0.100
1934,-0.280,-0.100
1935,-0.280,-0.115
1936,-0.290,-0.120
1937,-0.290,-0.105
1938,-0.280,-0.100
1939,-0.275,-0.105
1940,-0.280,-0.115
1941,-0.285,-0.120
1942,-0.290,-0.110
1943,-0.290,-0.105
1944,-0.280,-0.095
1945,-0.280,-0.100
1946,-0.285,-0.110
1947,-0.290,-0.120
1948,-0.300,-0.120
1949,-0.295,-0.115
1950,-0.285,-0.105
1951,-0.280,-0.105
1952,-0.285,-0.095
1953,-0.285,-0.105
1954,-0.295,-0.120
1955,-0.285,-0.115
1956,-0.280,-0.105
1957,-0.275,-0.110
1958,-0.280,-0.125
1959,-0.290,-0.115
1960,-0.310,-0.130
1961,-0.305,-0.115
1962,-0.285,-0.095
1963,-0.270,-0.100
1964,-0.270,-0.110
1965,-0.275,-0.115
1966,-0.285,-0.115
1967,-0.285,-0.105
1968,-0.270,-0.100
1969,-0.265,-0.110
1970,-0.265,-0.100
1971,-0.265,-0.100
1972,-0.280,-0.105
1973,-0.265,-0.095
1974,-0.245,-0.095
1975,-0.235,-0.095
1976,-0.235,-0.110
1977,-0.250,-0.115
1978,-0.250,-0.110
1979,-0.245,-0.105
1980,-0.215,-0.105
1981,-0.220,-0.115
1982,-0.245,-0.115
1983,-0.255,-0.135
1984,-0.230,-0.125
1985,-0.205,-0.135
1986,-0.210,-0.125
1987,-0.220,-0.130
1988,-0.230,-0.150
1989,-0.240,-0.155
1990,-0.240,-0.165
1991,-0.245,-0.165
1992,-0.250,-0.170
1993,-0.270,-0.175
1994,-0.285,-0.170
1995,-0.315,-0.175
1996,-0.320,-0.170
1997,-0.320,-0.165
1998,-0.310,-0.160
1999,-0.330,-0.160
2000,-0.340,-0.170
2001,-0.345,-0.180
2002,-0.360,-0.170
2003,-0.365,-0.155
2004,-0.360,-0.155
2005,-0.350,-0.160
2006,-0.355,-0.160
2007,-0.375,-0.175
2008,-0.385,-0.170
2009,-0.375,-0.155
2010,-0.370,-0.150
2011,-0.365,-0.160
2012,-0.365,-0.155
2013,-0.370,-0.165
2014,-0.380,-0.160
2015,-0.360,-0.150
2016,-0.350,-0.150
2017,-0.355,-0.145
2018,-0.355,-0.155
2019,-0.350,-0.165
2020,-0.365,-0.155
2021,-0.350,-0.135
2022,-0.350,-0.130
2023,-0.340,-0.145
2024,-0.355,-0.155
2025,-0.350,-0.160
2026,-0.375,-0.160
2027,-0.365,-0.175
2028,-0.375,-0.190
2029,-0.400,-0.235
2030,-0.430,-0.250
2031,-0.475,-0.295
2032,-0.520,-0.315
2033,-0.520,-0.295
2034,-0.550,-0.190
2035,-0.570,-0.085
2036,-0.540,0.060
2037,-0.445,0.175
2038,-0.305,0.265
2039,-0.140,0.380
2040,0.025,0.485
2041,0.260,0.590
2042,0.510,0.665
2043,0.735,0.665
2044,0.845,0.500
2045,0.875,0.205
2046,0.735,-0.075
2047,0.400,-0.215
2048,-0.025,-0.205
2049,-0.335,-0.180
2050,-0.480,-0.175
2051,-0.470,-0.165
2052,-0.415,-0.145
2053,-0.375,-0.145
2054,-0.365,-0.160
2055,-0.385,-0.165
2056,-0.400,-0.170
2057,-0.380,-0.155
2058,-0.390,-0.155
2059,-0.375,-0.155
2060,-0.385,-0.170
2061,-0.395,-0.175
2062,-0.405,-0.170
2063,-0.390,-0.155
2064,-0.380,-0.155
2065,-0.385,-0.160
2066,-0.385,-0.165
2067,-0.395,-0.180
2068,-0.400,-0.175
2069,-0.405,-0.170
2070,-0.400,-0.160
2071,-0.390,-0.160
2072,-0.390,-0.170
2073,-0.395,-0.180
2074,-0.400,-0.180
2075,-0.390,-0.170
2076,-0.385,-0.165
2077,-0.390,-0.165
2078,-0.385,-0.175
2079,-0.410,-0.180
2080,-0.420,-0.185
2081,-0.405,-0.170
2082,-0.410,-0.160
2083,-0.390,-0.165
2084,-0.390,-0.175
2085,-0.390,-0.175
2086,-0.400,-0.175
2087,-0.400,-0.180
2088,-0.390,-0.170
2089,-0.375,-0.160
2090,-0.380,-0.170
2091,-0.395,-0.180
2092,-0.400,-0.185
2093,-0.390,-0.170
2094,-0.400,-0.160
2095,-0.390,-0.180
2096,-0.395,-0.180
2097,-0.410,-0.185
2098,-0.415,-0.185
2099,-0.405,-0.165
2100,-0.385,-0.155
2101,-0.385,-0.170
2102,-0.380,-0.175
2103,-0.400,-0.195
2104,-0.400,-0.195
2105,-0.395,-0.190
2106,-0.390,-0.175
2107,-0.380,-0.175
2108,-0.375,-0.190
2109,-0.395,-0.190
2110,-0.395,-0.190
2111,-0.385,-0.185
2112,-0.380,-0.190
2113,-0.375,-0.215
2114,-0.385,-0.220
2115,-0.390,-0.215
2116,-0.400,-0.225
2117,-0.400,-0.215
2118,-0.385,-0.200
2119,-0.380,-0.230
2120,-0.395,-0.225
2121,-0.390,-0.245
2122,-0.400,-0.240
2123,-0.395,-0.245
2124,-0.385,-0.220
2125,-0.380,-0.245
2126,-0.385,-0.260
2127,-0.395,-0.280
2128,-0.405,-0.280
2129,-0.400,-0.285
2130,-0.390,-0.270
2131,-0.380,-0.285
2132,-0.380,-0.295
2133,-0.385,-0.305
2134,-0.405,-0.305
2135,-0.395,-0.315
2136,-0.400,-0.305
2137,-0.390,-0.310
2138,-0.400,-0.330
2139,-0.405,-0.325
2140,-0.425,-0.330
2141,-0.420,-0.315
2142,-0.405,-0.310
2143,-0.400,-0.315
2144,-0.405,-0.310
2145,-0.405,-0.320
2146,-0.415,-0.305
2147,-0.400,-0.290
2148,-0.390,-0.275
2149,-0.380,-0.270
2150,-0.385,-0.265
2151,-0.395,-0.265
2152,-0.405,-0.255
2153,-0.390,-0.245
2154,-0.370,-0.225
2155,-0.370,-0.215
2156,-0.370,-0.215
2157,-0.385,-0.215
2158,-0.370,-0.210
2159,-0.355,-0.205
2160,-0.345,-0.185
2161,-0.340,-0.180
2162,-0.335,-0.190
2163,-0.340,-0.190
2164,-0.355,-0.170
2165,-0.335,-0.155
2166,-0.325,-0.140
2167,-0.310,-0.145
2168,-0.305,-0.165
2169,-0.305,-0.160
2170,-0.320,-0.160
2171,-0.315,-0.150
2172,-0.310,-0.145
2173,-0.305,-0.140
2174,-0.305,-0.150
2175,-0.330,-0.150
2176,-0.325,-0.170
2177,-0.345,-0.155
2178,-0.325,-0.145
2179,-0.315,-0.130
2180,-0.315,-0.140
2181,-0.305,-0.150
2182,-0.310,-0.145
2183,-0.310,-0.150
2184,-0.300,-0.135
2185,-0.305,-0.140
2186,-0.305,-0.155
2187,-0.315,-0.150
2188,-0.320,-0.165
2189,-0.325,-0.145
2190,-0.315,-0.145
2191,-0.305,-0.155
2192,-0.315,-0.160
2193,-0.325,-0.160
2194,-0.325,-0.175
2195,-0.330,-0.155
2196,-0.315,-0.155
2197,-0.315,-0.150
2198,-0.310,-0.160
2199,-0.330,-0.165
2200,-0.340,-0.165
2201,-0.335,-0.175
2202,-0.330,-0.165
2203,-0.345,-0.165
2204,-0.355,-0.165
2205,-0.365,-0.170
2206,-0.370,-0.165
2207,-0.345,-0.160
2208,-0.340,-0.160
2209,-0.340,-0.165
2210,-0.345,-0.170
2211,-0.360,-0.195
2212,-0.365,-0.185
2213,-0.360,-0.180
2214,-0.360,-0.170
2215,-0.345,-0.165
2216,-0.355,-0.185
2217,-0.365,-0.180
2218,-0.350,-0.185
2219,-0.360,-0.170
2220,-0.350,-0.175
2221,-0.340,-0.175
2222,-0.345,-0.175
2223,-0.355,-0.180
2224,-0.370,-0.175
2225,-0.350,-0.155
2226,-0.350,-0.160
2227,-0.350,-0.170
2228,-0.345,-0.180
2229,-0.350,-0.200
2230,-0.355,-0.195
2231,-0.360,-0.165
2232,-0.345,-0.160
2233,-0.355,-0.160
2234,-0.350,-0.165
2235,-0.360,-0.185
2236,-0.370,-0.190
2237,-0.355,-0.180
2238,-0.355,-0.170
2239,-0.350,-0.170
2240,-0.355,-0.170
2241,-0.360,-0.180
2242,-0.390,-0.180
2243,-0.385,-0.170
2244,-0.360,-0.180
2245,-0.360,-0.180
2246,-0.370,-0.200
2247,-0.370,-0.195
2248,-0.390,-0.195
2249,-0.375,-0.155
2250,-0.370,-0.145
2251,-0.350,-0.165
2252,-0.340,-0.180
2253,-0.345,-0.185
2254,-0.360,-0.180
2255,-0.360,-0.170
2256,-0.350,-0.160
2257,-0.350,-0.160
2258,-0.335,-0.170
2259,-0.360,-0.180
2260,-0.365,-0.190
2261,-0.365,-0.180
2262,-0.360,-0.165
2263,-0.360,-0.170
2264,-0.365,-0.185
2265,-0.375,-0.195
2266,-0.385,-0.185
2267,-0.385,-0.185
2268,-0.365,-0.185
2269,-0.370,-0.185
2270,-0.375,-0.190
2271,-0.370,-0.180
2272,-0.375,-0.190
2273,-0.365,-0.190
2274,-0.355,-0.180
2275,-0.355,-0.190
2276,-0.360,-0.190
2277,-0.365,-0.195
2278,-0.370,-0.195
2279,-0.360,-0.185
2280,-0.350,-0.175
2281,-0.340,-0.195
2282,-0.345,-0.180
2283,-0.340,-0.180
2284,-0.350,-0.185
2285,-0.345,-0.190
2286,-0.350,-0.175
2287,-0.360,-0.190
2288,-0.350,-0.190
2289,-0.360,-0.210
2290,-0.370,-0.205
2291,-0.360,-0.185
2292,-0.360,-0.180
2293,-0.355,-0.180
2294,-0.360,-0.190
2295,-0.375,-0.215
2296,-0.375,-0.220
2297,-0.370,-0.205
2298,-0.350,-0.195
2299,-0.355,-0.190
2300,-0.360,-0.195
2301,-0.365,-0.215
2302,-0.375,-0.235
2303,-0.370,-0.210
2304,-0.365,-0.200
2305,-0.360,-0.210
2306,-0.355,-0.205
2307,-0.360,-0.215
2308,-0.360,-0.215
2309,-0.350,-0.205
2310,-0.340,-0.200
2311,-0.345,-0.190
2312,-0.345,-0.220
2313,-0.355,-0.225
2314,-0.360,-0.225
2315,-0.360,-0.205
2316,-0.365,-0.200
2317,-0.345,-0.205
2318,-0.355,-0.205
2319,-0.350,-0.210
2320,-0.360,-0.210
2321,-0.355,-0.195
2322,-0.360,-0.195
2323,-0.345,-0.195
2324,-0.335,-0.200
2325,-0.330,-0.225
2326,-0.330,-0.225
2327,-0.310,-0.205
2328,-0.305,-0.190
2329,-0.300,-0.195
2330,-0.305,-0.190
2331,-0.295,-0.200
2332,-0.305,-0.185
2333,-0.285,-0.180
2334,-0.275,-0.165
2335,-0.265,-0.170
2336,-0.255,-0.180
2337,-0.255,-0.175
2338,-0.260,-0.170
2339,-0.265,-0.165
2340,-0.255,-0.150
2341,-0.255,-0.155
2342,-0.260,-0.165
2343,-0.280,-0.170
2344,-0.290,-0.165
2345,-0.280,-0.165
2346,-0.270,-0.155
2347,-0.255,-0.170
2348,-0.275,-0.180
2349,-0.290,-0.170
2350,-0.320,-0.165
2351,-0.300,-0.160
2352,-0.295,-0.160
2353,-0.270,-0.180
2354,-0.265,-0.190
2355,-0.270,-0.205
2356,-0.285,-0.190
2357,-0.300,-0.190
2358,-0.310,-0.170
2359,-0.315,-0.185
2360,-0.320,-0.190
2361,-0.350,-0.195
2362,-0.370,-0.225
2363,-0.365,-0.215
2364,-0.365,-0.200
2365,-0.365,-0.205
2366,-0.370,-0.205
2367,-0.370,-0.205
2368,-0.370,-0.220
2369,-0.380,-0.210
2370,-0.360,-0.210
2371,-0.375,-0.210
2372,-0.375,-0.215
2373,-0.400,-0.225
2374,-0.420,-0.235
2375,-0.405,-0.230
2376,-0.400,-0.205
2377,-0.385,-0.215
2378,-0.380,-0.225
2379,-0.400,-0.225
2380,-0.415,-0.220
2381,-0.405,-0.220
2382,-0.395,-0.215
2383,-0.395,-0.225
2384,-0.395,-0.225
2385,-0.410,-0.255
2386,-0.430,-0.275
2387,-0.440,-0.290
2388,-0.455,-0.290
2389,-0.490,-0.315
2390,-0.485,-0.330
2391,-0.520,-0.305
2392,-0.570,-0.245
2393,-0.575,-0.115
2394,-0.525,-0.025
2395,-0.420,0.030
2396,-0.305,0.080
2397,-0.190,0.155
2398,-0.020,0.265
2399,0.220,0.385
2400,0.485,0.500
2401,0.715,0.545
2402,0.845,0.450
2403,0.885,0.215
2404,0.790,-0.090
2405,0.560,-0.325
2406,0.225,-0.390
2407,-0.070,-0.385
2408,-0.285,-0.365
2409,-0.425,-0.335
2410,-0.500,-0.295
2411,-0.550,-0.285
2412,-0.535,-0.270
2413,-0.500,-0.265
2414,-0.465,-0.270
2415,-0.450,-0.275
2416,-0.450,-0.285
2417,-0.435,-0.265
2418,-0.420,-0.250
2419,-0.410,-0.260
2420,-0.410,-0.260
2421,-0.415,-0.265
2422,-0.420,-0.270
2423,-0.425,-0.265
2424,-0.420,-0.245
2425,-0.430,-0.260
2426,-0.430,-0.255
2427,-0.440,-0.280
2428,-0.450,-0.260
2429,-0.450,-0.250
2430,-0.430,-0.250
2431,-0.430,-0.255
2432,-0.430,-0.255
2433,-0.445,-0.260
2434,-0.445,-0.260
2435,-0.440,-0.255
2436,-0.425,-0.225
2437,-0.430,-0.240
2438,-0.430,-0.245
2439,-0.425,-0.265
2440,-0.445,-0.275
2441,-0.445,-0.250
2442,-0.430,-0.245
2443,-0.435,-0.230
2444,-0.435,-0.240
2445,-0.445,-0.255
2446,-0.445,-0.250
2447,-0.435,-0.250
2448,-0.430,-0.245
2449,-0.425,-0.235
2450,-0.430,-0.240
2451,-0.430,-0.250
2452,-0.440,-0.250
2453,-0.420,-0.245
2454,-0.430,-0.220
2455,-0.425,-0.245
2456,-0.430,-0.245
2457,-0.440,-0.240
2458,-0.440,-0.255
2459,-0.430,-0.245
2460,-0.430,-0.225
2461,-0.415,-0.240
2462,-0.425,-0.250
2463,-0.430,-0.260
2464,-0.455,-0.265
2465,-0.445,-0.255
2466,-0.445,-0.240
2467,-0.430,-0.250
2468,-0.430,-0.250
2469,-0.440,-0.265
2470,-0.440,-0.260
2471,-0.435,-0.260
2472,-0.430,-0.265
2473,-0.415,-0.275
2474,-0.415,-0.270
2475,-0.425,-0.270
2476,-0.425,-0.270
2477,-0.420,-0.270
2478,-0.405,-0.245
2479,-0.405,-0.265
2480,-0.415,-0.265
2481,-0.415,-0.270
2482,-0.425,-0.285
2483,-0.430,-0.260
2484,-0.405,-0.245
2485,-0.405,-0.255
2486,-0.405,-0.265
2487,-0.405,-0.285
2488,-0.430,-0.295
2489,-0.415,-0.300
2490,-0.410,-0.295
2491,-0.415,-0.285
2492,-0.430,-0.320
2493,-0.445,-0.325
2494,-0.465,-0.335
2495,-0.460,-0.335
2496,-0.450,-0.330
2497,-0.455,-0.350
2498,-0.460,-0.345
2499,-0.465,-0.365
2500,-0.485,-0.380
2501,-0.495,-0.375
2502,-0.475,-0.375
2503,-0.490,-0.385
2504,-0.500,-0.385
2505,-0.495,-0.400
2506,-0.515,-0.400
2507,-0.500,-0.395
2508,-0.485,-0.390
2509,-0.490,-0.390
2510,-0.485,-0.400
2511,-0.500,-0.405
2512,-0.500,-0.410
2513,-0.490,-0.380
2514,-0.480,-0.355
2515,-0.460,-0.350
2516,-0.460,-0.340
2517,-0.470,-0.345
2518,-0.465,-0.335
2519,-0.440,-0.310
2520,-0.430,-0.285
2521,-0.425,-0.280
2522,-0.410,-0.270
2523,-0.410,-0.255
2524,-0.400,-0.245
2525,-0.390,-0.235
2526,-0.380,-0.210
2527,-0.355,-0.215
2528,-0.350,-0.220
2529,-0.355,-0.220
2530,-0.350,-0.215
2531,-0.340,-0.190
2532,-0.330,-0.180
2533,-0.325,-0.180
2534,-0.305,-0.185
2535,-0.320,-0.195
2536,-0.315,-0.195
2537,-0.305,-0.190
2538,-0.300,-0.170
2539,-0.305,-0.170
2540,-0.305,-0.185
2541,-0.310,-0.185
2542,-0.330,-0.185
2543,-0.310,-0.180
2544,-0.315,-0.170
2545,-0.315,-0.190
2546,-0.320,-0.180
2547,-0.325,-0.195
2548,-0.325,-0.190
2549,-0.325,-0.170
2550,-0.310,-0.170
2551,-0.310,-0.175
2552,-0.315,-0.190
2553,-0.325,-0.195
2554,-0.330,-0.190
2555,-0.325,-0.185
2556,-0.325,-0.185
2557,-0.315,-0.180
2558,-0.320,-0.185
2559,-0.330,-0.190
2560,-0.335,-0.205
2561,-0.330,-0.195
2562,-0.315,-0.185
2563,-0.320,-0.185
2564,-0.320,-0.185
2565,-0.335,-0.205
2566,-0.335,-0.205
2567,-0.325,-0.180
2568,-0.325,-0.195
2569,-0.320,-0.195
2570,-0.320,-0.205
2571,-0.325,-0.210
2572,-0.350,-0.225
2573,-0.345,-0.210
2574,-0.345,-0.200
2575,-0.335,-0.200
2576,-0.345,-0.205
2577,-0.355,-0.210
2578,-0.355,-0.225
2579,-0.355,-0.210
2580,-0.345,-0.200
2581,-0.335,-0.200
2582,-0.335,-0.205
2583,-0.345,-0.210
2584,-0.355,-0.200
2585,-0.340,-0.195
2586,-0.335,-0.185
2587,-0.330,-0.205
2588,-0.335,-0.210
2589,-0.345,-0.220
2590,-0.350,-0.215
2591,-0.350,-0.205
2592,-0.340,-0.200
2593,-0.335,-0.215
2594,-0.330,-0.210
2595,-0.360,-0.225
2596,-0.355,-0.220
2597,-0.345,-0.215
2598,-0.335,-0.200
2599,-0.345,-0.210
2600,-0.350,-0.205
2601,-0.360,-0.215
2602,-0.380,-0.215
2603,-0.370,-0.215
2604,-0.345,-0.200
2605,-0.345,-0.200
2606,-0.350,-0.210
2607,-0.355,-0.220
2608,-0.365,-0.210
2609,-0.360,-0.195
2610,-0.345,-0.200
2611,-0.345,-0.190
2612,-0.350,-0.210
2613,-0.360,-0.220
2614,-0.360,-0.215
2615,-0.350,-0.200
2616,-0.355,-0.185
2617,-0.340,-0.195
2618,-0.345,-0.200
2619,-0.355,-0.200
2620,-0.355,-0.205
2621,-0.355,-0.195
2622,-0.340,-0.185
2623,-0.340,-0.190
2624,-0.345,-0.195
2625,-0.365,-0.200
2626,-0.370,-0.200
2627,-0.350,-0.200
2628,-0.330,-0.190
2629,-0.320,-0.200
2630,-0.315,-0.190
2631,-0.295,-0.200
2632,-0.305,-0.195
2633,-0.295,-0.180
2634,-0.300,-0.160
2635,-0.285,-0.180
2636,-0.275,-0.180
2637,-0.260,-0.185
2638,-0.275,-0.180
2639,-0.265,-0.160
2640,-0.260,-0.145
2641,-0.250,-0.155
2642,-0.245,-0.170
2643,-0.255,-0.170
2644,-0.265,-0.155
2645,-0.260,-0.145
2646,-0.260,-0.130
2647,-0.250,-0.135
2648,-0.260,-0.140
2649,-0.280,-0.135
2650,-0.280,-0.140
2651,-0.275,-0.140
2652,-0.285,-0.125
2653,-0.280,-0.130
2654,-0.255,-0.150
2655,-0.245,-0.165
2656,-0.245,-0.165
2657,-0.260,-0.165
2658,-0.285,-0.155
2659,-0.290,-0.150
2660,-0.300,-0.165
2661,-0.320,-0.180
2662,-0.335,-0.195
2663,-0.355,-0.175
2664,-0.350,-0.170
2665,-0.355,-0.175
2666,-0.355,-0.185
2667,-0.375,-0.195
2668,-0.385,-0.190
2669,-0.380,-0.175
2670,-0.360,-0.185
2671,-0.350,-0.190
2672,-0.360,-0.205
2673,-0.365,-0.215
2674,-0.370,-0.215
2675,-0.370,-0.195
2676,-0.365,-0.180
2677,-0.360,-0.190
2678,-0.365,-0.200
2679,-0.370,-0.200
2680,-0.385,-0.215
2681,-0.385,-0.200
2682,-0.365,-0.180
2683,-0.360,-0.195
2684,-0.380,-0.200
2685,-0.385,-0.205
2686,-0.395,-0.210
2687,-0.395,-0.200
2688,-0.385,-0.205
2689,-0.380,-0.235
2690,-0.395,-0.260
2691,-0.425,-0.285
2692,-0.465,-0.300
2693,-0.500,-0.325
2694,-0.515,-0.320
2695,-0.530,-0.290
2696,-0.560,-0.190
2697,-0.585,-0.055
2698,-0.530,0.050
2699,-0.410,0.150
2700,-0.255,0.245
2701,-0.105,0.345
2702,0.105,0.445
2703,0.355,0.530
2704,0.600,0.595
2705,0.810,0.520
2706,0.890,0.275
2707,0.830,-0.085
2708,0.580,-0.300
2709,0.185,-0.335
2710,-0.205,-0.285
2711,-0.450,-0.250
2712,-0.525,-0.245
2713,-0.495,-0.235
2714,-0.465,-0.215
2715,-0.435,-0.230
2716,-0.415,-0.230
2717,-0.415,-0.240
2718,-0.415,-0.235
2719,-0.400,-0.235
2720,-0.395,-0.245
2721,-0.405,-0.255
2722,-0.425,-0.250
2723,-0.435,-0.240
2724,-0.415,-0.225
2725,-0.415,-0.230
2726,-0.415,-0.250
2727,-0.415,-0.240
2728,-0.430,-0.255
2729,-0.420,-0.230
2730,-0.410,-0.225
2731,-0.405,-0.225
2732,-0.420,-0.225
2733,-0.410,-0.230
2734,-0.420,-0.240
2735,-0.400,-0.225
2736,-0.395,-0.215
2737,-0.385,-0.215
2738,-0.400,-0.225
2739,-0.400,-0.235
2740,-0.400,-0.240
2741,-0.400,-0.225
2742,-0.395,-0.205
2743,-0.400,-0.210
2744,-0.400,-0.225
2745,-0.400,-0.230
2746,-0.410,-0.235
2747,-0.395,-0.225
2748,-0.410,-0.215
2749,-0.400,-0.220
2750,-0.395,-0.230
2751,-0.405,-0.235
2752,-0.410,-0.230
2753,-0.415,-0.215
2754,-0.405,-0.215
2755,-0.400,-0.215
2756,-0.395,-0.225
2757,-0.405,-0.235
2758,-0.415,-0.235
2759,-0.405,-0.230
2760,-0.415,-0.215
2761,-0.410,-0.225
2762,-0.405,-0.225
2763,-0.405,-0.235
2764,-0.410,-0.245
2765,-0.405,-0.240
2766,-0.400,-0.225
2767,-0.395,-0.210
2768,-0.405,-0.230
2769,-0.405,-0.230
2770,-0.400,-0.245
2771,-0.395,-0.220
2772,-0.390,-0.225
2773,-0.395,-0.235
2774,-0.390,-0.245
2775,-0.395,-0.250
2776,-0.420,-0.250
2777,-0.415,-0.240
2778,-0.405,-0.240
2779,-0.400,-0.245
2780,-0.400,-0.250
2781,-0.415,-0.270
2782,-0.420,-0.270
2783,-0.410,-0.265
2784,-0.395,-0.260
2785,-0.400,-0.280
2786,-0.405,-0.295
2787,-0.415,-0.295
2788,-0.435,-0.315
2789,-0.415,-0.310
2790,-0.415,-0.305
2791,-0.400,-0.310
2792,-0.405,-0.325
2793,-0.420,-0.330
2794,-0.430,-0.350
2795,-0.425,-0.340
2796,-0.410,-0.335
2797,-0.410,-0.350
2798,-0.405,-0.350
2799,-0.415,-0.370
2800,-0.425,-0.365
2801,-0.425,-0.355
2802,-0.420,-0.335
2803,-0.410,-0.355
2804,-0.410,-0.365
2805,-0.420,-0.370
2806,-0.430,-0.360
2807,-0.425,-0.335
2808,-0.420,-0.315
2809,-0.405,-0.315
2810,-0.415,-0.305
2811,-0.410,-0.285
2812,-0.410,-0.285
2813,-0.385,-0.270
2814,-0.370,-0.240
2815,-0.360,-0.230
2816,-0.350,-0.220
2817,-0.350,-0.220
2818,-0.350,-0.200
2819,-0.335,-0.180
2820,-0.320,-0.175
2821,-0.305,-0.180
2822,-0.315,-0.185
2823,-0.315,-0.190
2824,-0.320,-0.185
2825,-0.305,-0.180
2826,-0.305,-0.175
2827,-0.295,-0.170
2828,-0.290,-0.165
2829,-0.295,-0.175
2830,-0.295,-0.170
2831,-0.285,-0.165
2832,-0.285,-0.155
2833,-0.270,-0.160
2834,-0.280,-0.160
2835,-0.280,-0.165
2836,-0.295,-0.165
2837,-0.280,-0.160
2838,-0.285,-0.145
2839,-0.275,-0.150
2840,-0.285,-0.160
2841,-0.295,-0.165
2842,-0.305,-0.175
2843,-0.295,-0.150
2844,-0.285,-0.140
2845,-0.285,-0.155
2846,-0.290,-0.160
2847,-0.300,-0.175
2848,-0.310,-0.175
2849,-0.295,-0.170
2850,-0.300,-0.160
2851,-0.290,-0.155
2852,-0.285,-0.165
2853,-0.305,-0.175
2854,-0.310,-0.180
2855,-0.300,-0.170
2856,-0.295,-0.165
2857,-0.305,-0.170
2858,-0.300,-0.185
2859,-0.305,-0.185
2860,-0.320,-0.180
2861,-0.320,-0.175
2862,-0.310,-0.170
2863,-0.300,-0.180
2864,-0.310,-0.185
2865,-0.320,-0.200
2866,-0.340,-0.195
2867,-0.330,-0.185
2868,-0.310,-0.175
2869,-0.315,-0.180
2870,-0.325,-0.185
2871,-0.325,-0.205
2872,-0.345,-0.210
2873,-0.330,-0.190
2874,-0.320,-0.185
2875,-0.320,-0.190
2876,-0.335,-0.200
2877,-0.335,-0.205
2878,-0.355,-0.215
2879,-0.340,-0.200
2880,-0.320,-0.180
2881,-0.315,-0.185
2882,-0.330,-0.200
2883,-0.340,-0.205
2884,-0.340,-0.200
2885,-0.350,-0.205
2886,-0.330,-0.190
2887,-0.330,-0.190
2888,-0.340,-0.180
2889,-0.350,-0.205
2890,-0.355,-0.200
2891,-0.345,-0.195
2892,-0.335,-0.180
2893,-0.335,-0.185
2894,-0.340,-0.185
2895,-0.340,-0.200
2896,-0.345,-0.200
2897,-0.335,-0.180
2898,-0.335,-0.180
2899,-0.325,-0.185
2900,-0.325,-0.185
2901,-0.335,-0.200
2902,-0.340,-0.195
2903,-0.340,-0.175
2904,-0.320,-0.175
2905,-0.315,-0.185
2906,-0.320,-0.190
2907,-0.335,-0.195
2908,-0.335,-0.205
2909,-0.320,-0.185
2910,-0.325,-0.160
2911,-0.315,-0.170
2912,-0.320,-0.190
2913,-0.320,-0.190
2914,-0.345,-0.190
2915,-0.335,-0.180
2916,-0.320,-0.170
2917,-0.310,-0.160
2918,-0.320,-0.170
2919,-0.320,-0.185
2920,-0.340,-0.195
2921,-0.330,-0.180
2922,-0.320,-0.175
2923,-0.310,-0.170
2924,-0.310,-0.170
2925,-0.310,-0.195
2926,-0.295,-0.200
2927,-0.280,-0.180
2928,-0.255,-0.170
2929,-0.250,-0.175
2930,-0.250,-0.180
2931,-0.255,-0.180
2932,-0.260,-0.170
2933,-0.240,-0.155
2934,-0.220,-0.135
2935,-0.230,-0.145
2936,-0.230,-0.160
2937,-0.215,-0.160
2938,-0.220,-0.160
2939,-0.225,-0.140
2940,-0.230,-0.120
2941,-0.230,-0.120
2942,-0.235,-0.130
2943,-0.245,-0.130
2944,-0.255,-0.125
2945,-0.240,-0.125
2946,-0.235,-0.115
2947,-0.245,-0.110
2948,-0.235,-0.130
2949,-0.230,-0.145
2950,-0.220,-0.155
2951,-0.195,-0.140
2952,-0.220,-0.140
2953,-0.245,-0.145
2954,-0.260,-0.150
2955,-0.270,-0.160
2956,-0.290,-0.165
2957,-0.300,-0.160
2958,-0.305,-0.150
2959,-0.305,-0.165
2960,-0.320,-0.185
2961,-0.330,-0.180
2962,-0.350,-0.185
2963,-0.350,-0.170
2964,-0.335,-0.155
2965,-0.335,-0.175
2966,-0.335,-0.190
2967,-0.340,-0.195
2968,-0.350,-0.195
2969,-0.350,-0.180
2970,-0.345,-0.175
2971,-0.335,-0.180
2972,-0.345,-0.180
2973,-0.355,-0.190
2974,-0.370,-0.170
2975,-0.350,-0.180
2976,-0.345,-0.175
2977,-0.335,-0.180
2978,-0.335,-0.185
2979,-0.335,-0.200
2980,-0.355,-0.195
2981,-0.355,-0.200
2982,-0.345,-0.225
2983,-0.355,-0.255
2984,-0.395,-0.295
2985,-0.450,-0.330
2986,-0.480,-0.340
2987,-0.505,-0.305
2988,-0.525,-0.195
2989,-0.545,-0.065
2990,-0.500,0.070
2991,-0.395,0.180
2992,-0.255,0.285
2993,-0.070,0.415
2994,0.145,0.555
2995,0.425,0.670
2996,0.685,0.700
2997,0.875,0.555
2998,0.925,0.210
2999,0.795,-0.125
3000,0.470,-0.265
3001,0.020,-0.240
3002,-0.325,-0.215
3003,-0.470,-0.215
3004,-0.485,-0.230
3005,-0.410,-0.220
3006,-0.365,-0.210
3007,-0.355,-0.235
3008,-0.365,-0.235
3009,-0.380,-0.235
3010,-0.385,-0.230
3011,-0.380,-0.225
3012,-0.370,-0.210
3013,-0.370,-0.215
3014,-0.375,-0.225
3015,-0.385,-0.240
3016,-0.395,-0.250
3017,-0.385,-0.230
3018,-0.380,-0.230
3019,-0.385,-0.225
3020,-0.375,-0.230
3021,-0.390,-0.240
3022,-0.405,-0.235
3023,-0.405,-0.230
3024,-0.390,-0.225
3025,-0.385,-0.230
3026,-0.385,-0.245
3027,-0.390,-0.235
3028,-0.410,-0.235
3029,-0.400,-0.220
3030,-0.390,-0.220
3031,-0.385,-0.225
3032,-0.385,-0.230
3033,-0.395,-0.245
3034,-0.390,-0.225
3035,-0.395,-0.220
3036,-0.380,-0.210
3037,-0.375,-0.210
3038,-0.380,-0.220
3039,-0.385,-0.240
3040,-0.400,-0.235
3041,-0.385,-0.225
3042,-0.380,-0.210
3043,-0.375,-0.200
3044,-0.380,-0.225
3045,-0.395,-0.225
3046,-0.395,-0.225
3047,-0.385,-0.225
3048,-0.375,-0.215
3049,-0.370,-0.215
3050,-0.365,-0.235
3051,-0.385,-0.240
3052,-0.395,-0.240
3053,-0.385,-0.235
3054,-0.385,-0.220
3055,-0.370,-0.225
3056,-0.375,-0.235
3057,-0.370,-0.245
3058,-0.375,-0.245
3059,-0.375,-0.230
3060,-0.370,-0.225
3061,-0.355,-0.220
3062,-0.365,-0.245
3063,-0.380,-0.250
3064,-0.375,-0.255
3065,-0.370,-0.255
3066,-0.380,-0.240
3067,-0.365,-0.250
3068,-0.370,-0.260
3069,-0.375,-0.275
3070,-0.390,-0.285
3071,-0.380,-0.275
3072,-0.375,-0.280
3073,-0.380,-0.290
3074,-0.370,-0.300
3075,-0.375,-0.305
3076,-0.380,-0.315
3077,-0.385,-0.310
3078,-0.385,-0.315
3079,-0.370,-0.325
3080,-0.375,-0.335
3081,-0.375,-0.350
3082,-0.380,-0.345
3083,-0.380,-0.340
3084,-0.380,-0.335
3085,-0.380,-0.350
3086,-0.375,-0.360
3087,-0.390,-0.370
3088,-0.395,-0.365
3089,-0.385,-0.360
3090,-0.385,-0.345
3091,-0.375,-0.340
3092,-0.375,-0.350
3093,-0.385,-0.355
3094,-0.385,-0.345
3095,-0.390,-0.325
3096,-0.370,-0.305
3097,-0.365,-0.300
3098,-0.365,-0.285
3099,-0.375,-0.285
3100,-0.385,-0.280
3101,-0.350,-0.265
3102,-0.345,-0.230
3103,-0.325,-0.235
3104,-0.325,-0.240
3105,-0.330,-0.245
3106,-0.325,-0.225
3107,-0.325,-0.215
3108,-0.315,-0.195
3109,-0.315,-0.180
3110,-0.315,-0.180
3111,-0.300,-0.190
3112,-0.300,-0.180
3113,-0.285,-0.165
3114,-0.270,-0.140
3115,-0.265,-0.155
3116,-0.260,-0.165
3117,-0.275,-0.160
3118,-0.285,-0.155
3119,-0.265,-0.145
3120,-0.255,-0.135
3121,-0.250,-0.150
3122,-0.270,-0.165
3123,-0.280,-0.170
3124,-0.285,-0.150
3125,-0.285,-0.145
3126,-0.280,-0.145
3127,-0.270,-0.145
3128,-0.270,-0.160
3129,-0.270,-0.170
3130,-0.285,-0.170
3131,-0.280,-0.155
3132,-0.275,-0.135
3133,-0.270,-0.145
3134,-0.265,-0.155
3135,-0.275,-0.165
3136,-0.290,-0.180
3137,-0.285,-0.165
3138,-0.285,-0.150
3139,-0.275,-0.160
3140,-0.270,-0.150
3141,-0.280,-0.170
3142,-0.295,-0.175
3143,-0.280,-0.165
3144,-0.270,-0.155
3145,-0.270,-0.165
3146,-0.275,-0.175
3147,-0.285,-0.180
3148,-0.300,-0.175
3149,-0.295,-0.165
3150,-0.290,-0.160
3151,-0.295,-0.165
3152,-0.300,-0.185
3153,-0.290,-0.195
3154,-0.305,-0.185
3155,-0.295,-0.185
3156,-0.290,-0.170
3157,-0.295,-0.175
3158,-0.290,-0.170
3159,-0.310,-0.185
3160,-0.320,-0.180
3161,-0.315,-0.185
3162,-0.315,-0.180
3163,-0.300,-0.175
3164,-0.305,-0.185
3165,-0.315,-0.190
3166,-0.330,-0.185
3167,-0.320,-0.170
3168,-0.305,-0.160
3169,-0.315,-0.185
3170,-0.305,-0.185
3171,-0.315,-0.190
3172,-0.325,-0.200
3173,-0.310,-0.195
3174,-0.295,-0.165
3175,-0.300,-0.175
3176,-0.305,-0.180
3177,-0.310,-0.190
3178,-0.325,-0.195
3179,-0.315,-0.190
3180,-0.315,-0.160
3181,-0.305,-0.175
3182,-0.305,-0.165
3183,-0.325,-0.185
3184,-0.320,-0.180
3185,-0.320,-0.180
3186,-0.310,-0.155
3187,-0.305,-0.170
3188,-0.320,-0.180
3189,-0.320,-0.180
3190,-0.320,-0.185
3191,-0.310,-0.165
3192,-0.305,-0.150
3193,-0.290,-0.160
3194,-0.285,-0.165
3195,-0.290,-0.180
3196,-0.305,-0.180
3197,-0.310,-0.165
3198,-0.300,-0.150
3199,-0.300,-0.155
3200,-0.310,-0.155
3201,-0.315,-0.170
3202,-0.315,-0.175
3203,-0.310,-0.165
3204,-0.295,-0.155
3205,-0.300,-0.150
3206,-0.295,-0.155
3207,-0.315,-0.165
3208,-0.310,-0.165
3209,-0.290,-0.160
3210,-0.265,-0.160
3211,-0.240,-0.165
3212,-0.255,-0.170
3213,-0.240,-0.175
3214,-0.250,-0.160
3215,-0.225,-0.135
3216,-0.225,-0.140
3217,-0.215,-0.145
3218,-0.210,-0.140
3219,-0.200,-0.145
3220,-0.195,-0.135
3221,-0.195,-0.125
3222,-0.180,-0.115
3223,-0.175,-0.115
3224,-0.180,-0.125
3225,-0.205,-0.130
3226,-0.215,-0.105
3227,-0.210,-0.095
3228,-0.210,-0.095
3229,-0.210,-0.095
3230,-0.210,-0.095
3231,-0.215,-0.095
3232,-0.225,-0.115
3233,-0.210,-0.120
3234,-0.180,-0.120
3235,-0.170,-0.130
3236,-0.185,-0.135
3237,-0.240,-0.125
3238,-0.255,-0.140
3239,-0.255,-0.135
3240,-0.270,-0.120
3241,-0.275,-0.150
3242,-0.285,-0.150
3243,-0.300,-0.155
3244,-0.300,-0.160
3245,-0.315,-0.145
3246,-0.305,-0.140
3247,-0.300,-0.145
3248,-0.295,-0.145
3249,-0.300,-0.160
3250,-0.315,-0.165
3251,-0.310,-0.155
3252,-0.310,-0.145
3253,-0.300,-0.155
3254,-0.300,-0.155
3255,-0.305,-0.170
3256,-0.315,-0.165
3257,-0.325,-0.160
3258,-0.320,-0.155
3259,-0.320,-0.160
3260,-0.320,-0.170
3261,-0.325,-0.170
3262,-0.340,-0.165
3263,-0.335,-0.165
3264,-0.325,-0.145
3265,-0.315,-0.170
3266,-0.320,-0.190
3267,-0.345,-0.225
3268,-0.370,-0.250
3269,-0.395,-0.270
3270,-0.425,-0.280
3271,-0.445,-0.305
3272,-0.465,-0.290
3273,-0.510,-0.200
3274,-0.530,-0.075
3275,-0.485,0.040
3276,-0.370,0.135
3277,-0.235,0.215
3278,-0.090,0.320
3279,0.105,0.435
3280,0.375,0.540
3281,0.655,0.580
3282,0.820,0.465
3283,0.865,0.145
3284,0.735,-0.155
3285,0.450,-0.285
3286,0.060,-0.250
3287,-0.270,-0.200
3288,-0.430,-0.180
3289,-0.460,-0.190
3290,-0.415,-0.190
3291,-0.385,-0.185
3292,-0.365,-0.195
3293,-0.355,-0.185
3294,-0.355,-0.175
3295,-0.345,-0.190
3296,-0.350,-0.195
3297,-0.350,-0.205
3298,-0.360,-0.205
3299,-0.345,-0.185
3300,-0.340,-0.165
3301,-0.340,-0.185
3302,-0.335,-0.190
3303,-0.335,-0.210
3304,-0.355,-0.210
3305,-0.345,-0.200
3306,-0.340,-0.190
3307,-0.335,-0.185
3308,-0.340,-0.195
3309,-0.350,-0.210
3310,-0.365,-0.210
3311,-0.360,-0.190
3312,-0.365,-0.180
3313,-0.350,-0.190
3314,-0.345,-0.195
3315,-0.365,-0.215
3316,-0.360,-0.215
3317,-0.350,-0.195
3318,-0.355,-0.185
3319,-0.350,-0.180
3320,-0.355,-0.185
3321,-0.350,-0.200
3322,-0.360,-0.205
3323,-0.335,-0.190
3324,-0.335,-0.180
3325,-0.330,-0.185
3326,-0.340,-0.195
3327,-0.350,-0.195
3328,-0.350,-0.195
3329,-0.345,-0.190
3330,-0.335,-0.185
3331,-0.345,-0.195
3332,-0.355,-0.195
3333,-0.355,-0.205
3334,-0.370,-0.200
3335,-0.355,-0.190
3336,-0.350,-0.185
3337,-0.345,-0.195
3338,-0.365,-0.210
3339,-0.365,-0.215
3340,-0.370,-0.215
3341,-0.365,-0.205
3342,-0.355,-0.190
3343,-0.345,-0.190
3344,-0.345,-0.205
3345,-0.345,-0.220
3346,-0.340,-0.215
3347,-0.335,-0.205
3348,-0.325,-0.210
3349,-0.335,-0.220
3350,-0.345,-0.230
3351,-0.350,-0.240
3352,-0.350,-0.255
3353,-0.355,-0.240
3354,-0.355,-0.225
3355,-0.360,-0.230
3356,-0.350,-0.250
3357,-0.360,-0.250
3358,-0.365,-0.260
3359,-0.345,-0.260
3360,-0.345,-0.255
3361,-0.330,-0.260
3362,-0.350,-0.285
3363,-0.345,-0.295
3364,-0.355,-0.300
3365,-0.350,-0.285
3366,-0.340,-0.280
3367,-0.335,-0.290
3368,-0.350,-0.305
3369,-0.365,-0.315
3370,-0.380,-0.320
3371,-0.385,-0.310
3372,-0.355,-0.305
3373,-0.360,-0.310
3374,-0.355,-0.320
3375,-0.370,-0.325
3376,-0.385,-0.335
3377,-0.370,-0.320
3378,-0.370,-0.300
3379,-0.350,-0.300
3380,-0.345,-0.300
3381,-0.365,-0.285
3382,-0.365,-0.280
3383,-0.360,-0.260
3384,-0.345,-0.240
3385,-0.330,-0.235
3386,-0.330,-0.225
3387,-0.330,-0.230
3388,-0.335,-0.225
3389,-0.315,-0.190
3390,-0.310,-0.180
3391,-0.285,-0.185
3392,-0.290,-0.180
3393,-0.290,-0.195
3394,-0.300,-0.180
3395,-0.280,-0.170
3396,-0.275,-0.160
3397,-0.260,-0.170
3398,-0.260,-0.170
3399,-0.270,-0.180
3400,-0.265,-0.180
3401,-0.255,-0.170
3402,-0.250,-0.155
3403,-0.245,-0.155
3404,-0.245,-0.160
3405,-0.255,-0.180
3406,-0.265,-0.175
3407,-0.260,-0.165
3408,-0.255,-0.160
3409,-0.240,-0.170
3410,-0.250,-0.175
3411,-0.255,-0.190
3412,-0.275,-0.190
3413,-0.275,-0.175
3414,-0.265,-0.165
3415,-0.270,-0.175
3416,-0.275,-0.180
3417,-0.280,-0.185
3418,-0.290,-0.185
3419,-0.280,-0.185
3420,-0.275,-0.165
3421,-0.270,-0.185
3422,-0.270,-0.185
3423,-0.280,-0.205
3424,-0.290,-0.210
3425,-0.280,-0.195
3426,-0.285,-0.170
3427,-0.275,-0.180
3428,-0.290,-0.185
3429,-0.280,-0.190
3430,-0.290,-0.200
3431,-0.280,-0.200
3432,-0.285,-0.195
3433,-0.275,-0.200
3434,-0.280,-0.205
3435,-0.295,-0.210
3436,-0.305,-0.215
3437,-0.300,-0.205
3438,-0.300,-0.205
3439,-0.305,-0.220
3440,-0.315,-0.215
3441,-0.320,-0.225
3442,-0.310,-0.215
3443,-0.310,-0.210
3444,-0.300,-0.190
3445,-0.310,-0.205
3446,-0.310,-0.215
3447,-0.320,-0.220
3448,-0.325,-0.225
3449,-0.310,-0.210
3450,-0.320,-0.200
3451,-0.310,-0.205
3452,-0.310,-0.215
3453,-0.315,-0.220
3454,-0.325,-0.225
3455,-0.315,-0.215
3456,-0.305,-0.205
3457,-0.315,-0.195
3458,-0.310,-0.215
3459,-0.320,-0.230
3460,-0.325,-0.235
3461,-0.325,-0.220
3462,-0.320,-0.205
3463,-0.305,-0.220
3464,-0.305,-0.230
3465,-0.300,-0.240
3466,-0.315,-0.235
3467,-0.300,-0.215
3468,-0.310,-0.210
3469,-0.315,-0.205
3470,-0.305,-0.205
3471,-0.310,-0.210
3472,-0.320,-0.215
3473,-0.310,-0.220
3474,-0.300,-0.205
3475,-0.295,-0.220
3476,-0.300,-0.230
3477,-0.315,-0.225
3478,-0.325,-0.225
3479,-0.325,-0.195
3480,-0.305,-0.195
3481,-0.310,-0.220
3482,-0.290,-0.230
3483,-0.315,-0.250
3484,-0.325,-0.240
3485,-0.320,-0.225
3486,-0.290,-0.210
3487,-0.280,-0.210
3488,-0.260,-0.230
3489,-0.260,-0.235
3490,-0.265,-0.240
3491,-0.260,-0.210
3492,-0.250,-0.195
3493,-0.230,-0.195
3494,-0.220,-0.190
3495,-0.220,-0.200
3496,-0.235,-0.195
3497,-0.220,-0.180
3498,-0.205,-0.180
3499,-0.205,-0.190
3500,-0.210,-0.190
3501,-0.210,-0.180
3502,-0.230,-0.185
3503,-0.240,-0.165
3504,-0.230,-0.165
3505,-0.225,-0.175
3506,-0.235,-0.185
3507,-0.250,-0.200
3508,-0.265,-0.195
3509,-0.260,-0.185
3510,-0.245,-0.180
3511,-0.215,-0.195
3512,-0.215,-0.195
3513,-0.245,-0.215
3514,-0.280,-0.200
3515,-0.275,-0.210
3516,-0.275,-0.195
3517,-0.295,-0.225
3518,-0.310,-0.235
3519,-0.325,-0.245
3520,-0.340,-0.245
3521,-0.340,-0.220
3522,-0.325,-0.230
3523,-0.315,-0.220
3524,-0.310,-0.225
3525,-0.315,-0.240
3526,-0.330,-0.225
3527,-0.330,-0.210
3528,-0.325,-0.220
3529,-0.325,-0.230
3530,-0.335,-0.230
3531,-0.345,-0.240
3532,-0.350,-0.245
3533,-0.350,-0.245
3534,-0.350,-0.240
3535,-0.345,-0.235
3536,-0.350,-0.240
3537,-0.365,-0.255
3538,-0.360,-0.255
3539,-0.350,-0.250
3540,-0.355,-0.230
3541,-0.345,-0.240
3542,-0.345,-0.250
3543,-0.350,-0.265
3544,-0.365,-0.290
3545,-0.380,-0.310
3546,-0.405,-0.305
3547,-0.425,-0.335
3548,-0.440,-0.355
3549,-0.470,-0.335
3550,-0.520,-0.270
3551,-0.540,-0.160
3552,-0.490,-0.050
3553,-0.390,0.010
3554,-0.260,0.065
3555,-0.115,0.135
3556,0.085,0.240
3557,0.360,0.355
3558,0.615,0.395
3559,0.780,0.255
3560,0.835,-0.015
3561,0.720,-0.295
3562,0.410,-0.405
3563,0.030,-0.390
3564,-0.255,-0.340
3565,-0.415,-0.305
3566,-0.470,-0.310
3567,-0.465,-0.295
3568,-0.435,-0.295
3569,-0.395,-0.280
3570,-0.375,-0.270
3571,-0.370,-0.265
3572,-0.375,-0.285
3573,-0.375,-0.290
3574,-0.390,-0.290
3575,-0.400,-0.290
3576,-0.380,-0.285
3577,-0.385,-0.290
3578,-0.385,-0.290
3579,-0.385,-0.285
3580,-0.385,-0.285
3581,-0.370,-0.285
3582,-0.370,-0.265
3583,-0.360,-0.265
3584,-0.380,-0.275
3585,-0.380,-0.285
3586,-0.385,-0.280
3587,-0.370,-0.270
3588,-0.370,-0.270
3589,-0.365,-0.275
3590,-0.375,-0.270
3591,-0.385,-0.285
3592,-0.390,-0.300
3593,-0.390,-0.280
3594,-0.385,-0.275
3595,-0.385,-0.285
3596,-0.395,-0.285
3597,-0.390,-0.295
3598,-0.400,-0.290
3599,-0.405,-0.285
